register_id,name,institution_id,institution_name,created,modified,addresses_roadtype_id,addresses_roadtype_name,addresses_road_id,addresses_road_name,addresses_start_street_number,addresses_end_street_number,addresses_neighborhood_id,addresses_neighborhood_name,addresses_district_id,addresses_district_name,addresses_zip_code,addresses_town,addresses_main_address,addresses_type,values_id,values_attribute_id,values_category,values_attribute_name,values_value,values_outstanding,values_description,secondary_filters_id,secondary_filters_name,secondary_filters_fullpath,secondary_filters_tree,secondary_filters_asia_id,geo_epgs_25831_x,geo_epgs_25831_y,geo_epgs_4326_lat,geo_epgs_4326_lon,estimated_dates,start_date,end_date
﻿99400263571,Teatre Sala Atrium,,,2011-01-24T13:56:16+01:00,2023-05-05T13:38:16.220521+02:00,,,89004,C Consell de Cent,435,,7,la Dreta de l'Eixample,2,Eixample,8009,BARCELONA,TRUE,,223311,20001,Telèfons,Tel.,931824606,TRUE,,55732068,Teatres,"Planol BCN >> Cultura i lleure >> Cinemes, teatres, auditoris >> Teatres",651,6.5103E+13,430930.3371,4583191.425,41.39729487,2.173757165,,,
﻿97330132911,Sala Sebastià Gasch,92086015078,Mercat de les Flors Centre de les Arts de Moviment,1997-11-26T00:00:00+01:00,2023-02-16T12:19:37.643347+01:00,,,178400,Lleida,59,,11,el Poble-sec,3,Sants-Montjuïc,8004,BARCELONA,TRUE,,199458,20001,Telèfons,Tel.,934261875,TRUE,,55732068,Teatres,"Planol BCN >> Cultura i lleure >> Cinemes, teatres, auditoris >> Teatres",651,6.5103E+13,429523.3534,4580234.222,41.37053826,2.157271884,,,
﻿92086010327,Teatre,92086010320,Cercle Catòlic de Gràcia,1986-04-22T00:00:00+02:00,2021-03-03T22:15:33.835304+01:00,,,317007,C Santa Magdalena,12,,31,la Vila de Gràcia,6,Gràcia,8012,BARCELONA,TRUE,,163939,20001,Telèfons,Tel.,934150370,TRUE,,55732068,Teatres,"Planol BCN >> Cultura i lleure >> Cinemes, teatres, auditoris >> Teatres",651,6.5103E+13,429200.4188,4583923.332,41.40373643,2.152979641,,,
﻿99400364152,Auditori Sant Martí,,,2014-11-24T10:27:41+01:00,2023-03-20T09:37:35.262112+01:00,,,279509,Pl Angeleta Ferrer,2,,72,Sant Martí de Provençals,10,Sant Martí,8020,BARCELONA,TRUE,,226623,20008,Telèfons,Secretaria,932565760,TRUE,Centre Cívic Sant Martí,55732070,Auditoris,"Planol BCN >> Cultura i lleure >> Cinemes, teatres, auditoris >> Auditoris",651,6.5103E+13,433071.2399,4585274.245,41.41623529,2.199134847,,,
﻿99400364152,Auditori Sant Martí,,,2014-11-24T10:27:41+01:00,2023-03-20T09:37:35.262112+01:00,,,279509,Pl Angeleta Ferrer,2,,72,Sant Martí de Provençals,10,Sant Martí,8020,BARCELONA,TRUE,,226623,20008,Telèfons,Secretaria,932565760,TRUE,Centre Cívic Sant Martí,66731068,WiFi BCN,Planol BCN >> Internet >> Punts d'accés a Internet >> WiFi BCN,651,6.5103E+13,433071.2399,4585274.245,41.41623529,2.199134847,,,
﻿92086010382,Somni'ts (Teatre Solidari),92086010375,Societat Cultural i Esportiva La Lira,1986-04-22T00:00:00+02:00,2022-09-17T04:13:00.617293+02:00,,,91403,C Coroleu,15,,60,Sant Andreu,9,Sant Andreu,8030,BARCELONA,TRUE,,163590,20001,Telèfons,Tel.,936676217,TRUE,,55732068,Teatres,"Planol BCN >> Cultura i lleure >> Cinemes, teatres, auditoris >> Teatres",651,6.5103E+13,432171.7232,4587118.839,41.43277351,2.188165402,,,
﻿92086013951,Teatre,92168172716,Centre Educatiu Jesuïtes del Clot,1986-05-06T00:00:00+02:00,2022-09-17T04:23:28.125781+02:00,,,350308,C València,680,,65,el Clot,10,Sant Martí,8027,BARCELONA,TRUE,,164741,20001,Telèfons,Tel.,933516011,TRUE,,55732068,Teatres,"Planol BCN >> Cultura i lleure >> Cinemes, teatres, auditoris >> Teatres",651,6.5103E+13,432363.5368,4584935.59,41.41312588,2.190705187,,,
﻿99400576665,Teatre Badabadoc,,,2018-02-09T12:23:53+01:00,2022-09-17T09:12:38.611529+02:00,,,272500,C Quevedo,36,,31,la Vila de Gràcia,6,Gràcia,8012,BARCELONA,TRUE,,,,,,,,,55732068,Teatres,"Planol BCN >> Cultura i lleure >> Cinemes, teatres, auditoris >> Teatres",651,6.5103E+13,429912.6528,4583863.453,41.40325953,2.161506603,,,
﻿92086003206,Teatre,92086003195,Fundació Orfeó Gracienc,1985-06-26T00:00:00+02:00,2022-09-17T03:53:07.018188+02:00,,,27302,C Astúries,83,,31,la Vila de Gràcia,6,Gràcia,8024,BARCELONA,TRUE,,160374,20001,Telèfons,Tel.,932374302,TRUE,,55732068,Teatres,"Planol BCN >> Cultura i lleure >> Cinemes, teatres, auditoris >> Teatres",651,6.5103E+13,429489.3349,4584031.293,41.40473418,2.156423192,,,
﻿92086010780,Teatre,92086010773,Ateneu Hortenc,1986-04-23T00:00:00+02:00,2023-02-01T17:03:01.404308+01:00,,,252706,C Pere Pau,8,,43,Horta,7,Horta-Guinardó,8032,BARCELONA,TRUE,,163540,20001,Telèfons,Tel.,933573040,TRUE,,55732068,Teatres,"Planol BCN >> Cultura i lleure >> Cinemes, teatres, auditoris >> Teatres",651,6.5103E+13,429835.612,4586851.178,41.43016211,2.160238462,,,
﻿92086004036,Sala de Cinema,92086004031,Institut Italià de Cultura de Barcelona,1986-05-08T00:00:00+02:00,2022-09-17T03:55:37.945562+02:00,,,207905,Ptge Méndez Vigo,5,,7,la Dreta de l'Eixample,2,Eixample,8009,BARCELONA,TRUE,,160692,20001,Telèfons,Tel.,934875306,TRUE,,55732069,Cinemes,"Planol BCN >> Cultura i lleure >> Cinemes, teatres, auditoris >> Cinemes",651,6.5103E+13,430400.4183,4582761.55,41.39337744,2.167468082,,,
﻿92086004613,Teatre,92086004618,Foment Martinenc,1986-04-23T00:00:00+02:00,2022-09-17T03:56:56.229770+02:00,,,268003,C Provença,591,,64,el Camp de l'Arpa del Clot,10,Sant Martí,8026,BARCELONA,TRUE,,160590,20001,Telèfons,Tel.,934557095,TRUE,,55732068,Teatres,"Planol BCN >> Cultura i lleure >> Cinemes, teatres, auditoris >> Teatres",651,6.5103E+13,431671.7016,4584645.021,41.41045029,2.182460746,,,
﻿92086000123,Teatre Grec,,,1989-07-04T00:00:00+02:00,2023-09-21T14:13:27.394406+02:00,,,316809,Pg Santa Madrona,36,,11,el Poble-sec,3,Sants-Montjuïc,8038,BARCELONA,TRUE,,159005,20006,Telèfons,Informació,933161000,TRUE,,55732068,Teatres,"Planol BCN >> Cultura i lleure >> Cinemes, teatres, auditoris >> Teatres",651,6.5103E+13,429622.0265,4579965.193,41.36812384,2.158482876,,,
﻿99400200867,Aquarella Music Restaurant,,,2008-02-25T14:17:35+01:00,2021-09-16T11:07:49.667915+02:00,,,169409,Gran Via de les Corts Catalanes,572,,10,Sant Antoni,2,Eixample,8011,Barcelona,TRUE,,220459,20001,Telèfons,Tel.,93 452 14 52,TRUE,,55732068,Teatres,"Planol BCN >> Cultura i lleure >> Cinemes, teatres, auditoris >> Teatres",651,6.5103E+13,429914.7203,4581750.225,41.3842266,2.161775893,,,
﻿99400200867,Aquarella Music Restaurant,,,2008-02-25T14:17:35+01:00,2021-09-16T11:07:49.667915+02:00,,,169409,Gran Via de les Corts Catalanes,572,,10,Sant Antoni,2,Eixample,8011,Barcelona,TRUE,,220459,20001,Telèfons,Tel.,93 452 14 52,TRUE,,60731068,Restaurants,Planol BCN >> Restaurants >> Restaurants >> Restaurants,651,6.5103E+13,429914.7203,4581750.225,41.3842266,2.161775893,,,
﻿92086011802,Filmoteca de Catalunya,,,1987-06-16T00:00:00+02:00,2023-02-01T15:33:28.237926+01:00,,,294659,Plaça de Salvador Seguí,1,,1,el Raval,1,Ciutat Vella,8001,Barcelona,TRUE,,163294,20003,Telèfons,Centraleta,935 671 070,TRUE,,55732069,Cinemes,"Planol BCN >> Cultura i lleure >> Cinemes, teatres, auditoris >> Cinemes",651,6.5103E+13,430682.2859,4581121.87,41.3786337,2.171026974,,,
﻿75990531988,Fàbrica de Creació Nau Ivanow,,,1998-06-06T00:00:00+02:00,2022-06-28T13:45:14.807699+02:00,,,156509,C Hondures,28,,61,la Sagrera,9,Sant Andreu,8027,BARCELONA,TRUE,,155283,20001,Telèfons,Tel.,933407468,TRUE,,55732068,Teatres,"Planol BCN >> Cultura i lleure >> Cinemes, teatres, auditoris >> Teatres",651,6.5103E+13,432308.8082,4585697.013,41.41997916,2.189965196,,,
﻿92086000452,Sala de Cinema,92086000446,Escola Oficial d'Idiomes Barcelona - Drassanes,1986-04-28T00:00:00+02:00,2022-09-17T03:44:48.020560+02:00,,,140203,Av Drassanes,14,,1,el Raval,1,Ciutat Vella,8001,BARCELONA,TRUE,,159740,20001,Telèfons,Tel.,933249330,TRUE,,55732069,Cinemes,"Planol BCN >> Cultura i lleure >> Cinemes, teatres, auditoris >> Cinemes",651,6.5103E+13,430879.4951,4580922.057,41.37685101,2.173407956,,,
﻿92086006167,Teatre,92168166196,Centre Educatiu Santa Teresa - Ganduxer,1986-05-06T00:00:00+02:00,2023-01-20T14:05:01.349165+01:00,,,139805,C Ganduxer,85,,24,les Tres Torres,5,Sarrià-Sant Gervasi,8022,BARCELONA,TRUE,,162318,20001,Telèfons,Tel.,932123354,TRUE,,55732068,Teatres,"Planol BCN >> Cultura i lleure >> Cinemes, teatres, auditoris >> Teatres",651,6.5103E+13,427574.5726,4583521.073,41.39996863,2.133578848,,,
﻿99400654904,Sala Clan Destino Mental,,,2020-07-10T11:00:25+02:00,2023-11-28T11:33:46.656662+01:00,,,89707,C Constitució,82,,16,la Bordeta,3,Sants-Montjuïc,8014,BARCELONA,TRUE,,,,,,,,,55732068,Teatres,"Planol BCN >> Cultura i lleure >> Cinemes, teatres, auditoris >> Teatres",651,6.5103E+13,427681.3043,4580174.168,41.36983398,2.135255026,,,
﻿98357090249,Auditori Universitat Pompeu Fabra *R T Fargas,,,1998-12-23T00:00:00+01:00,2023-02-01T17:02:40.815701+01:00,,,132908,Ramon Trias Fargas,23,,67,la Vila Olímpica del Poblenou,10,Sant Martí,8005,BARCELONA,TRUE,,202024,20001,Telèfons,Tel.,935421738,TRUE,,55732070,Auditoris,"Planol BCN >> Cultura i lleure >> Cinemes, teatres, auditoris >> Auditoris",651,6.5103E+13,432362.0264,4582284.352,41.38924682,2.190983335,,,
﻿75990131879,Cinemes Verdi,,,1996-09-18T00:00:00+02:00,2023-10-03T10:41:54.205050+02:00,,,356803,Carrer de Verdi,32,,31,la Vila de Gràcia,6,Gràcia,8012,Barcelona,TRUE,,143603,20001,Telèfons,Tel.,932387990,TRUE,,55732069,Cinemes,"Planol BCN >> Cultura i lleure >> Cinemes, teatres, auditoris >> Cinemes",651,6.5103E+13,429556.2363,4583970.72,41.4041945,2.157230554,,,
﻿99400496646,Ateneu del Raval,,,2017-04-25T16:16:33+02:00,2023-12-13T12:13:20.276647+01:00,,,277809,C Reina Amàlia,3,,1,el Raval,1,Ciutat Vella,8001,BARCELONA,TRUE,,230142,20001,Telèfons,Tel.,638330741,TRUE,,55732068,Teatres,"Planol BCN >> Cultura i lleure >> Cinemes, teatres, auditoris >> Teatres",651,6.5103E+13,430224.4494,4581054.342,41.37798592,2.16556002,,,
﻿92086000771,Sala de Cinema,92086000762,Ateneu Barcelonès,1986-04-28T00:00:00+02:00,2022-09-17T03:46:00.580380+02:00,,,61402,C Canuda,6,,2,el Barri Gòtic,1,Ciutat Vella,8002,BARCELONA,TRUE,,160311,20001,Telèfons,Tel.,933436121,TRUE,,55732069,Cinemes,"Planol BCN >> Cultura i lleure >> Cinemes, teatres, auditoris >> Cinemes",651,6.5103E+13,430742.0092,4581792.634,41.3846802,2.171664472,,,
﻿99400165038,Teatre - Auditori,92086003106,Centre Artesà Tradicionàrius,2006-07-17T08:19:56+02:00,2023-03-06T17:18:36.774603+01:00,,,344407,Trvs Sant Antoni,6,,31,la Vila de Gràcia,6,Gràcia,8012,BARCELONA,TRUE,,216213,20001,Telèfons,Tel.,932184485,TRUE,,55732068,Teatres,"Planol BCN >> Cultura i lleure >> Cinemes, teatres, auditoris >> Teatres",651,6.5103E+13,429344.0214,4583789.628,41.40254484,2.154713078,,,
﻿99400164747,Teatre de la Bona Sort,99400504551,Recursos d'Animació Intercultural RAI,2006-07-12T10:25:00+02:00,2022-09-17T06:37:15.403424+02:00,,,65607,C Carders,12,,4,"Sant Pere, Santa Caterina i la Ribera",1,Ciutat Vella,8003,BARCELONA,TRUE,,216084,20001,Telèfons,Tel.,932681321,TRUE,,55732068,Teatres,"Planol BCN >> Cultura i lleure >> Cinemes, teatres, auditoris >> Teatres",651,6.5103E+13,431462.7542,4581945.377,41.38611765,2.180266556,,,
﻿99400239026,Teatre de Sarriá,99400327576,Centre Parroquial Sant Vicenç de Sarrià,2010-01-12T00:00:00+01:00,2022-09-17T07:18:24.805104+02:00,,,37102,C Pare Miquel de Sarrià,8,,23,Sarrià,5,Sarrià-Sant Gervasi,8034,BARCELONA,TRUE,,222797,20001,Telèfons,Tel.,932039772,TRUE,,55732068,Teatres,"Planol BCN >> Cultura i lleure >> Cinemes, teatres, auditoris >> Teatres",651,6.5103E+13,426492.6671,4583551.706,41.40014635,2.120633809,,,
﻿99400644095,Sants Teatre,92086010334,Centre Catòlic de Sants,2019-12-13T00:00:00+01:00,2023-11-20T18:04:51.202465+01:00,,,17706,C Antoni de Capmany,72,,18,Sants,3,Sants-Montjuïc,8014,BARCELONA,TRUE,,233550,20001,Telèfons,Tel.,933325037,TRUE,,55732068,Teatres,"Planol BCN >> Cultura i lleure >> Cinemes, teatres, auditoris >> Teatres",651,6.5103E+13,427655.1425,4580681.405,41.37440013,2.134881704,,,
﻿99400164748,Teatre,99400001392,Antic Teatre - Espai de Creació,2006-07-12T10:28:00+02:00,2022-09-17T06:37:18.361866+02:00,,,249905,C Verdaguer i Callís,12,,4,"Sant Pere, Santa Caterina i la Ribera",1,Ciutat Vella,8003,BARCELONA,TRUE,,216609,20001,Telèfons,Tel.,933152354,TRUE,,55732068,Teatres,"Planol BCN >> Cultura i lleure >> Cinemes, teatres, auditoris >> Teatres",651,6.5103E+13,431099.5977,4582065.517,41.38716869,2.175909822,,,
﻿99400226970,Teatre El Maldà,,,2009-06-05T00:00:00+02:00,2022-09-17T07:12:49.194346+02:00,,,256004,C Pi,5,,2,el Barri Gòtic,1,Ciutat Vella,8002,BARCELONA,TRUE,,221728,20001,Telèfons,Tel.,931647778,TRUE,,55732068,Teatres,"Planol BCN >> Cultura i lleure >> Cinemes, teatres, auditoris >> Teatres",651,6.5103E+13,430930.1004,4581623.02,41.38316872,2.17393318,,,
﻿99400179259,Sala El Molino,,,2007-03-12T14:00:14+01:00,2024-02-27T09:32:30.338214+01:00,,,361009,Carrer de Vila i Vilà,99,,11,el Poble-sec,3,Sants-Montjuïc,8004,Barcelona,TRUE,,,,,,,,,55732068,Teatres,"Planol BCN >> Cultura i lleure >> Cinemes, teatres, auditoris >> Teatres",651,6.5103E+13,430363.9031,4580675.502,41.3745859,2.167271089,,,
﻿99400203275,Espai Escènic Ruqueria Querubí,,,2008-04-01T14:03:31+02:00,2022-09-17T06:58:11.471792+02:00,,,253505,C Perla,11,,31,la Vila de Gràcia,6,Gràcia,8012,BARCELONA,TRUE,,220264,20040,Telèfons,Reserves,607780402,TRUE,(sms),55732068,Teatres,"Planol BCN >> Cultura i lleure >> Cinemes, teatres, auditoris >> Teatres",651,6.5103E+13,429547.8784,4583890.47,41.40347098,2.157139913,,,
﻿99400274608,Teatre Arenas Barcelona *Arenas de Barcelona,,,2011-07-19T14:28:35+02:00,2023-10-16T14:51:20.356056+02:00,,,169409,G.V. Corts Catalanes,373,,9,la Nova Esquerra de l'Eixample,2,Eixample,8015,BARCELONA,TRUE,,224708,20003,Telèfons,Centraleta,932890244,TRUE,C.C. las Arenas,55732068,Teatres,"Planol BCN >> Cultura i lleure >> Cinemes, teatres, auditoris >> Teatres",651,6.5103E+13,428919.1281,4580850.789,41.37603834,2.149975296,,,
﻿99400267342,Cinemes Mooby Arenas *Arenas de Barcelona,,,2011-03-25T11:50:02+01:00,2023-06-12T08:28:59.130565+02:00,,,169409,G.V. Corts Catalanes,373,,9,la Nova Esquerra de l'Eixample,2,Eixample,8015,BARCELONA,TRUE,,,,,,,,,55732069,Cinemes,"Planol BCN >> Cultura i lleure >> Cinemes, teatres, auditoris >> Cinemes",651,6.5103E+13,428919.1281,4580850.789,41.37603834,2.149975296,,,
﻿99400108472,Teatre,92168164665,Escola Cavall Bernat,2005-04-11T16:45:00+02:00,2022-09-17T06:23:29.860464+02:00,,,30602,Rbla Badal,113,,16,la Bordeta,3,Sants-Montjuïc,8014,BARCELONA,TRUE,,212277,20001,Telèfons,Tel.,933322930,TRUE,,55732068,Teatres,"Planol BCN >> Cultura i lleure >> Cinemes, teatres, auditoris >> Teatres",651,6.5103E+13,427405.918,4580312.376,41.37105398,2.13194593,,,
﻿99400187243,Teatre Gaudí de Barcelona,,,2007-07-13T12:42:14+02:00,2022-11-22T12:33:59.119259+01:00,,,297001,C Sant Antoni Maria Claret,120,,6,la Sagrada Família,2,Eixample,8025,BARCELONA,TRUE,,218408,20001,Telèfons,Tel.,93 603 51 61,TRUE,,55732068,Teatres,"Planol BCN >> Cultura i lleure >> Cinemes, teatres, auditoris >> Teatres",651,6.5103E+13,430586.9692,4584323.392,41.40746055,2.169520254,,,
﻿99400142206,La Puntual. Putxinel.lis de Barcelona,,,2005-09-20T13:44:00+02:00,2023-02-01T16:52:14.871295+01:00,,,12906,C Allada-Vermell,15,,4,"Sant Pere, Santa Caterina i la Ribera",1,Ciutat Vella,8003,BARCELONA,TRUE,,214276,20001,Telèfons,Tel.,639305353,TRUE,,55732068,Teatres,"Planol BCN >> Cultura i lleure >> Cinemes, teatres, auditoris >> Teatres",651,6.5103E+13,431548.1403,4582021.54,41.38681089,2.181279103,,,
﻿92086026021,Espai Jove La Bàscula,,,1988-03-08T00:00:00+01:00,2023-07-14T08:03:10.209003+02:00,,,135203,Carrer del Foc,128,,13,la Marina de Port,3,Sants-Montjuïc,8038,Barcelona,TRUE,,166385,20001,Telèfons,Tel.,934224300,TRUE,,55732070,Auditoris,"Planol BCN >> Cultura i lleure >> Cinemes, teatres, auditoris >> Auditoris",651,6.5103E+13,428426.8143,4578885.495,41.35829398,2.144320516,,,
﻿92086026021,Espai Jove La Bàscula,,,1988-03-08T00:00:00+01:00,2023-07-14T08:03:10.209003+02:00,,,135203,Carrer del Foc,128,,13,la Marina de Port,3,Sants-Montjuïc,8038,Barcelona,TRUE,,166385,20001,Telèfons,Tel.,934224300,TRUE,,55733071,Casals i espais per a joves,Planol BCN >> Cultura i lleure >> Espais de participació ciutadana >> Casals i espais per a joves,651,6.5103E+13,428426.8143,4578885.495,41.35829398,2.144320516,,,
﻿92086000770,Teatre,92086000762,Ateneu Barcelonès,1986-04-28T00:00:00+02:00,2022-09-17T03:45:59.653439+02:00,,,61402,C Canuda,6,,2,el Barri Gòtic,1,Ciutat Vella,8002,BARCELONA,TRUE,,160310,20003,Telèfons,Centraleta,933436121,TRUE,,55732068,Teatres,"Planol BCN >> Cultura i lleure >> Cinemes, teatres, auditoris >> Teatres",651,6.5103E+13,430742.0092,4581792.634,41.3846802,2.171664472,,,
﻿99400679835,Centre de les Arts Lliures,14143802,Fundació Joan Brossa,2021-11-22T17:03:44.931128+01:00,2024-04-30T12:56:40.290073+02:00,,,126701,Carrer de Flassaders,40,40,4,"Sant Pere, Santa Caterina i la Ribera",1,Ciutat Vella,8003,Barcelona,TRUE,,432390,20001,Telèfons,Tel.,93 458 99 94,FALSE,,55732068,Teatres,"Planol BCN >> Cultura i lleure >> Cinemes, teatres, auditoris >> Teatres",651,6.5103E+13,431637.46,4581844.138,41.38522068,2.182367328,,,
﻿75990364693,Eixample Teatre,,,1996-09-18T00:00:00+02:00,2023-10-03T10:15:50.893617+02:00,,,18505,C Aragó,140,,8,l'Antiga Esquerra de l'Eixample,2,Eixample,8011,BARCELONA,TRUE,,151176,20001,Telèfons,Tel.,936816132,TRUE,,55732068,Teatres,"Planol BCN >> Cultura i lleure >> Cinemes, teatres, auditoris >> Teatres",651,6.5103E+13,429437.3589,4581885.418,41.3854025,2.15605147,,,
﻿99400235850,Auditori,99400213357,Facultat de Comunicació *Campus de la Comunicació-Poblenou - UPF,2009-11-11T00:00:00+01:00,2022-09-09T13:17:56.787714+02:00,,,181608,Carrer de Roc Boronat,134,140,66,el Parc i la Llacuna del Poblenou,10,Sant Martí,8018,Barcelona,TRUE,,222971,20001,Telèfons,Tel.,935422273,TRUE,,55732070,Auditoris,"Planol BCN >> Cultura i lleure >> Cinemes, teatres, auditoris >> Auditoris",651,6.5103E+13,432590.264,4583884.22,41.40367554,2.193534916,,,
﻿99400175200,Sala del Mig,75990176320,Teatreneu Multisales,2007-01-08T15:03:02+01:00,2022-09-17T06:44:52.641817+02:00,,,334902,Terol,26,,31,la Vila de Gràcia,6,Gràcia,8012,BARCELONA,TRUE,,217220,20001,Telèfons,Tel.,932853712,TRUE,,55732068,Teatres,"Planol BCN >> Cultura i lleure >> Cinemes, teatres, auditoris >> Teatres",651,6.5103E+13,429668.0792,4583868.472,41.40328338,2.158580354,,,
﻿75990212279,Sant Andreu Teatre,,,1996-09-18T00:00:00+02:00,2023-10-03T10:40:45.195410+02:00,,,227301,C Neopàtria,54,,60,Sant Andreu,9,Sant Andreu,8030,BARCELONA,TRUE,,147472,20001,Telèfons,Tel.,933457930,TRUE,,55732068,Teatres,"Planol BCN >> Cultura i lleure >> Cinemes, teatres, auditoris >> Teatres",651,6.5103E+13,432232.6257,4586878.53,41.43061427,2.188921214,,,
﻿99400321930,Aquitània Teatre,,,2013-07-04T12:03:30+02:00,2021-06-21T15:50:35.212554+02:00,,,320704,Av Sarrià,33,,9,la Nova Esquerra de l'Eixample,2,Eixample,8029,BARCELONA,TRUE,,,,,,,,,55732068,Teatres,"Planol BCN >> Cultura i lleure >> Cinemes, teatres, auditoris >> Teatres",651,6.5103E+13,428495.1739,4582431.706,41.39023952,2.144719394,,,
﻿92086003023,Mooby Bosque Multicines,,,1984-05-30T00:00:00+02:00,2023-06-12T08:35:24.349557+02:00,,,265708,Rambla de Prat,16,,31,la Vila de Gràcia,6,Gràcia,8012,Barcelona,TRUE,,160340,20038,Telèfons,Taquilles,932172642,TRUE,,55732069,Cinemes,"Planol BCN >> Cultura i lleure >> Cinemes, teatres, auditoris >> Cinemes",651,6.5103E+13,429092.7419,4583664.663,41.40139721,2.151721869,,,
﻿97069112423,Lluna Pruna - Teatre Moriqueta,,,1997-03-10T00:00:00+01:00,2022-09-17T05:30:24.433534+02:00,,,142300,Av Gaudí,13,,6,la Sagrada Família,2,Eixample,8025,BARCELONA,TRUE,,197409,20001,Telèfons,Tel.,934563809,TRUE,,55732068,Teatres,"Planol BCN >> Cultura i lleure >> Cinemes, teatres, auditoris >> Teatres",651,6.5103E+13,430982.2334,4584087.464,41.40536966,2.174275754,,,
﻿92086010252,Teatre,92086010250,Agrupació Congrés,1986-04-22T00:00:00+02:00,2023-02-01T17:03:02.021903+01:00,,,120909,C Alexandre Galí,20,,62,el Congrés i els Indians,9,Sant Andreu,8027,BARCELONA,TRUE,,163564,20001,Telèfons,Tel.,933523753,TRUE,,55732068,Teatres,"Planol BCN >> Cultura i lleure >> Cinemes, teatres, auditoris >> Teatres",651,6.5103E+13,431530.1587,4586226.75,41.42468434,2.180588324,,,
﻿92086011045,Teatre,92086011041,Casino de l'Aliança del Poblenou,1988-04-15T00:00:00+02:00,2023-02-01T17:03:00.844843+01:00,,,346800,Rbla Poblenou,42,,68,el Poblenou,10,Sant Martí,8005,BARCELONA,TRUE,,163655,20001,Telèfons,Tel.,932252814,TRUE,,55732068,Teatres,"Planol BCN >> Cultura i lleure >> Cinemes, teatres, auditoris >> Teatres",651,6.5103E+13,433398.3031,4583439.209,41.3997348,2.203250054,,,
﻿92086000171,Teatre,92086000162,Fundació Joan Miró,1988-09-14T00:00:00+02:00,2022-09-17T03:44:04.556650+02:00,,,213307,Av Miramar,1,,11,el Poble-sec,3,Sants-Montjuïc,8038,BARCELONA,TRUE,,159019,20001,Telèfons,Tel.,934439470,TRUE,,55732068,Teatres,"Planol BCN >> Cultura i lleure >> Cinemes, teatres, auditoris >> Teatres",651,6.5103E+13,429761.5751,4579982.539,41.36829226,2.160149293,,,
﻿99400055624,Teatre,75990282616,Associació Catalana per la Integració i el Desenvolupament Humà,2003-07-31T12:24:00+02:00,2022-09-17T06:04:07.830910+02:00,,,326201,C Siracusa,53,,31,la Vila de Gràcia,6,Gràcia,8012,BARCELONA,TRUE,,207532,20003,Telèfons,Centraleta,932859977,TRUE,,55732068,Teatres,"Planol BCN >> Cultura i lleure >> Cinemes, teatres, auditoris >> Teatres",651,6.5103E+13,429873.0983,4583732.4,41.40207573,2.161048621,,,
﻿92086005606,Teatre,92086005602,Foment Hortenc,1986-04-22T00:00:00+02:00,2023-02-01T16:52:26.382320+01:00,,,12000,C Alt de Mariner,15,,43,Horta,7,Horta-Guinardó,8032,BARCELONA,TRUE,,162380,20001,Telèfons,Tel.,934291040,TRUE,,55732068,Teatres,"Planol BCN >> Cultura i lleure >> Cinemes, teatres, auditoris >> Teatres",651,6.5103E+13,429773.4566,4586945.842,41.43100927,2.159483635,,,
﻿99400073713,Sala Ovidi Montllor,92086015078,Mercat de les Flors Centre de les Arts de Moviment,2004-02-17T08:54:00+01:00,2023-02-16T12:19:26.168279+01:00,,,700685,Pl Margarida Xirgu,1,,11,el Poble-sec,3,Sants-Montjuïc,8004,BARCELONA,TRUE,,209023,20001,Telèfons,Tel.,934261875,TRUE,,55732068,Teatres,"Planol BCN >> Cultura i lleure >> Cinemes, teatres, auditoris >> Teatres",651,6.5103E+13,429538.3452,4580249.752,41.37067945,2.157449326,,,
﻿92086001555,Auditòrium,92168165873,Institut Pau Claris,1986-04-23T00:00:00+02:00,2022-09-17T03:48:18.995134+02:00,,,359109,Pg Lluís Companys,18,,4,"Sant Pere, Santa Caterina i la Ribera",1,Ciutat Vella,8018,BARCELONA,TRUE,,160563,20001,Telèfons,Tel.,933003708,TRUE,,55732070,Auditoris,"Planol BCN >> Cultura i lleure >> Cinemes, teatres, auditoris >> Auditoris",651,6.5103E+13,431558.5161,4582517.929,41.39128261,2.181347106,,,
﻿99400281031,Teatre,1295101552,Lluïsos d'Horta,2011-10-26T00:00:00+02:00,2021-12-13T16:51:31.255401+01:00,,,122303,Carrer de Feliu i Codina,7,,43,Horta,7,Horta-Guinardó,8031,Barcelona,TRUE,,224652,20001,Telèfons,Tel.,934277327,TRUE,,55732068,Teatres,"Planol BCN >> Cultura i lleure >> Cinemes, teatres, auditoris >> Teatres",651,6.5103E+13,429841.8069,4587092.982,41.43234047,2.160284532,,,
﻿99400198988,Comedianet,,,2008-01-24T10:38:29+01:00,2022-09-17T06:55:37.449411+02:00,,,324308,Ptge Sert,10,,4,"Sant Pere, Santa Caterina i la Ribera",1,Ciutat Vella,8003,BARCELONA,TRUE,,219328,20001,Telèfons,Tel.,933106044,TRUE,,55732068,Teatres,"Planol BCN >> Cultura i lleure >> Cinemes, teatres, auditoris >> Teatres",651,6.5103E+13,431179.3409,4582296.648,41.38925724,2.176837246,,,
﻿99400327808,L'Àtic22,75990343578,Tantarantana Teatre,2013-10-08T00:00:00+02:00,2022-09-17T07:57:51.521008+02:00,,,127409,C Flors,22,,1,el Raval,1,Ciutat Vella,8001,BARCELONA,TRUE,,225725,20001,Telèfons,Tel.,934417022,TRUE,,55732068,Teatres,"Planol BCN >> Cultura i lleure >> Cinemes, teatres, auditoris >> Teatres",651,6.5103E+13,430374.398,4580829.03,41.37596959,2.167378942,,,
﻿99400038445,Espai Escènic Tísner,2011131453,Centre Cívic Cotxeres Borrell,2003-04-29T10:24:38+02:00,2023-02-15T12:37:22.265569+01:00,,,361406,C Viladomat,2,,10,Sant Antoni,2,Eixample,8015,BARCELONA,TRUE,,207739,20001,Telèfons,Tel.,933248350,TRUE,,55732068,Teatres,"Planol BCN >> Cultura i lleure >> Cinemes, teatres, auditoris >> Teatres",651,6.5103E+13,430003.5766,4580791.238,41.37559705,2.162949274,,,
﻿99180125327,Cinesa Diagonal *C. Lúdic Diagonal,,,1999-06-29T00:00:00+02:00,2023-02-15T13:01:29.443801+01:00,,,315806,Carrer de Santa Fe de Nou Mèxic,18,,26,Sant Gervasi - Galvany,5,Sarrià-Sant Gervasi,8017,Barcelona,TRUE,,,,,,,,,55732069,Cinemes,"Planol BCN >> Cultura i lleure >> Cinemes, teatres, auditoris >> Cinemes",651,6.5103E+13,427885.7707,4582888.591,41.3943001,2.137376614,,,
﻿99400154737,La Perla 29,,,2006-02-27T12:58:57+01:00,2023-01-20T13:03:25.586920+01:00,,,341103,C Torrent d'en Vidalet,21,,31,la Vila de Gràcia,6,Gràcia,8012,BARCELONA,TRUE,,214514,20001,Telèfons,Tel.,932171770,TRUE,,55732068,Teatres,"Planol BCN >> Cultura i lleure >> Cinemes, teatres, auditoris >> Teatres",651,6.5103E+13,429752.0154,4583929.05,41.40383632,2.159577394,,,
﻿98168154622,Sala Sant Jordi Club,92168175198,Palau Sant Jordi,1998-06-17T00:00:00+02:00,2023-02-03T14:33:01.286372+01:00,,,234001,Passeig Olímpic,5,,11,el Poble-sec,3,Sants-Montjuïc,8038,Barcelona,TRUE,,200598,20001,Telèfons,Tel.,934262089,TRUE,,55732070,Auditoris,"Planol BCN >> Cultura i lleure >> Cinemes, teatres, auditoris >> Auditoris",651,6.5103E+13,429106.3326,4579290.308,41.36200011,2.152396202,,,
﻿98168154622,Sala Sant Jordi Club,92168175198,Palau Sant Jordi,1998-06-17T00:00:00+02:00,2023-02-03T14:33:01.286372+01:00,,,234001,Passeig Olímpic,5,,11,el Poble-sec,3,Sants-Montjuïc,8038,Barcelona,TRUE,,200598,20001,Telèfons,Tel.,934262089,TRUE,,57732077,Altres esports,Planol BCN >> Esports >> Esports individuals >> Altres esports,651,6.5103E+13,429106.3326,4579290.308,41.36200011,2.152396202,,,
﻿98168154622,Sala Sant Jordi Club,92168175198,Palau Sant Jordi,1998-06-17T00:00:00+02:00,2023-02-03T14:33:01.286372+01:00,,,234001,Passeig Olímpic,5,,11,el Poble-sec,3,Sants-Montjuïc,8038,Barcelona,TRUE,,200598,20001,Telèfons,Tel.,934262089,TRUE,,57345754,Instal·lacions esportives,Planol BCN >> Esports >> Instal·lacions esportives,651,65102004002,429106.3326,4579290.308,41.36200011,2.152396202,,,
﻿93132124245,Teatre,92168166237,Escuela Suiza,1993-05-12T00:00:00+02:00,2022-09-17T05:03:22.101364+02:00,,,8501,C Alfons XII,95,,26,Sant Gervasi - Galvany,5,Sarrià-Sant Gervasi,8006,BARCELONA,TRUE,,173322,20001,Telèfons,Tel.,932096544,TRUE,,55732068,Teatres,"Planol BCN >> Cultura i lleure >> Cinemes, teatres, auditoris >> Teatres",651,6.5103E+13,428644.6672,4583648.55,41.40121245,2.146363928,,,
﻿99400025390,Sala de Projecció 35mm,92086003767,Institut Français de Barcelone,2002-11-05T12:10:32+01:00,2023-02-16T11:21:41.570915+01:00,,,222501,C Moià,8,,26,Sant Gervasi - Galvany,5,Sarrià-Sant Gervasi,8006,BARCELONA,TRUE,,206321,20001,Telèfons,Tel.,935677777,TRUE,,55732069,Cinemes,"Planol BCN >> Cultura i lleure >> Cinemes, teatres, auditoris >> Cinemes",651,6.5103E+13,429092.246,4582985.847,41.39528332,2.151795436,,,
﻿97315093216,Sala Gran,97314144540,Teatre Nacional de Catalunya,1997-11-11T00:00:00+01:00,2023-02-27T17:43:49.193261+01:00,,,701191,Pl Arts,1,,5,el Fort Pienc,2,Eixample,8013,BARCELONA,TRUE,,199634,20001,Telèfons,Tel.,933065700,TRUE,,55732068,Teatres,"Planol BCN >> Cultura i lleure >> Cinemes, teatres, auditoris >> Teatres",651,6.5103E+13,431965.11,4583450.627,41.39971764,2.186105257,,,
﻿92086012748,Sala de Cinema,92086012749,Fàbrica de Creació Ateneu Popular 9 Barris,1988-06-28T00:00:00+02:00,2022-09-17T04:22:03.268911+02:00,,,263509,C Portlligat,11,,53,la Trinitat Nova,8,Nou Barris,8042,BARCELONA,TRUE,,164986,20001,Telèfons,Tel.,933509475,TRUE,,55732069,Cinemes,"Planol BCN >> Cultura i lleure >> Cinemes, teatres, auditoris >> Cinemes",651,6.5103E+13,431420.8671,4588998.146,41.44963595,2.178965985,,,
﻿92086004631,Teatre,92086004627,Institut Moisès Broggi,1986-04-23T00:00:00+02:00,2022-09-17T03:57:01.635323+02:00,,,310008,C Sant Quintí,32,,64,el Camp de l'Arpa del Clot,10,Sant Martí,8041,BARCELONA,TRUE,,160594,20001,Telèfons,Tel.,934368903,TRUE,,55732068,Teatres,"Planol BCN >> Cultura i lleure >> Cinemes, teatres, auditoris >> Teatres",651,6.5103E+13,431331.0858,4584981.384,41.41345077,2.178347549,,,
﻿99400222930,Teatre Golem's,,,2009-03-12T11:04:25+01:00,2023-11-03T10:06:08.784432+01:00,,,306306,Carrer de Sant Lluís,64,,31,la Vila de Gràcia,6,Gràcia,8024,Barcelona,TRUE,,222001,20001,Telèfons,Tel.,93 351 82 31,TRUE,,55732068,Teatres,"Planol BCN >> Cultura i lleure >> Cinemes, teatres, auditoris >> Teatres",651,6.5103E+13,429908.6958,4584181.371,41.40612256,2.161422452,,,
﻿99400332756,L'Espai Teatral,92086000477,Biblioteca Nacional de Catalunya,2013-12-19T00:00:00+01:00,2022-09-17T07:59:20.930014+02:00,,,157909,C Hospital,56,,1,el Raval,1,Ciutat Vella,8001,BARCELONA,TRUE,,225503,20001,Telèfons,Tel.,932171770,TRUE,,55732068,Teatres,"Planol BCN >> Cultura i lleure >> Cinemes, teatres, auditoris >> Teatres",651,6.5103E+13,430627.8774,4581328.997,41.38049454,2.170352656,,,
﻿92086002473,Teatre,92086002472,Centre Cívic Casinet d'Hostafrancs,1988-04-15T00:00:00+02:00,2022-09-17T03:51:22.906379+02:00,,,246703,C Rector Triadó,53,,15,Hostafrancs,3,Sants-Montjuïc,8014,BARCELONA,TRUE,,160178,20003,Telèfons,Centraleta,934230440,TRUE,,55732068,Teatres,"Planol BCN >> Cultura i lleure >> Cinemes, teatres, auditoris >> Teatres",651,6.5103E+13,428356.2676,4581058.489,41.37785911,2.143220464,,,
﻿92086014636,Teatre Victòria,,,1985-10-30T00:00:00+01:00,2022-09-20T14:12:09.580675+02:00,,,198804,Av Paral.lel,65,,11,el Poble-sec,3,Sants-Montjuïc,8004,BARCELONA,TRUE,,164617,20001,Telèfons,Tel.,933249742,TRUE,,55732068,Teatres,"Planol BCN >> Cultura i lleure >> Cinemes, teatres, auditoris >> Teatres",651,6.5103E+13,430530.6595,4580698.741,41.37480963,2.169262346,,,
﻿75990089577,Teatre Lliure,,,1996-09-18T00:00:00+02:00,2024-04-29T09:21:48.433909+02:00,,,700685,Pl Margarida Xirgu,1,,11,el Poble-sec,3,Sants-Montjuïc,8004,BARCELONA,TRUE,,140682,20001,Telèfons,Tel.,932892770,TRUE,,55732068,Teatres,"Planol BCN >> Cultura i lleure >> Cinemes, teatres, auditoris >> Teatres",651,6.5103E+13,429538.3452,4580249.752,41.37067945,2.157449326,,,
﻿95122123236,Mooby Glòries Multicines,,,1995-05-02T00:00:00+02:00,2023-06-12T08:38:22.709156+02:00,,,144601,Avinguda Diagonal,208,,66,el Parc i la Llacuna del Poblenou,10,Sant Martí,8018,Barcelona,TRUE,,186039,20001,Telèfons,Tel.,934860511,TRUE,,55732069,Cinemes,"Planol BCN >> Cultura i lleure >> Cinemes, teatres, auditoris >> Cinemes",651,6.5103E+13,432506.8886,4584029.356,41.40497575,2.192521355,,,
﻿99400249050,Sala Paral·lel 62,,,2010-06-15T13:28:24+02:00,2022-10-24T12:27:46.546963+02:00,,,198804,Avinguda del Paral·lel,62,,1,el Raval,1,Ciutat Vella,8001,Barcelona,TRUE,,,,,,,,,55732070,Auditoris,"Planol BCN >> Cultura i lleure >> Cinemes, teatres, auditoris >> Auditoris",651,6.5103E+13,430559.3672,4580740.245,41.37518592,2.169600853,,,
﻿99400249050,Sala Paral·lel 62,,,2010-06-15T13:28:24+02:00,2022-10-24T12:27:46.546963+02:00,,,198804,Avinguda del Paral·lel,62,,1,el Raval,1,Ciutat Vella,8001,Barcelona,TRUE,,,,,,,,,55732068,Teatres,"Planol BCN >> Cultura i lleure >> Cinemes, teatres, auditoris >> Teatres",651,6.5103E+13,430559.3672,4580740.245,41.37518592,2.169600853,,,
﻿99400187001,Cinema Dididado,75990123317,Parc d'Atraccions del Tibidabo,2007-07-09T00:00:00+02:00,2021-10-07T14:42:08.646097+02:00,,,335701,Pl Tibidabo,3,,22,"Vallvidrera, el Tibidabo i les Planes",5,Sarrià-Sant Gervasi,8035,BARCELONA,TRUE,,217983,20001,Telèfons,Tel.,932117942,TRUE,,55732069,Cinemes,"Planol BCN >> Cultura i lleure >> Cinemes, teatres, auditoris >> Cinemes",651,6.5103E+13,426447.0381,4585955.684,41.42179368,2.119795787,,,
﻿92086015468,Teatre,92086015460,Centre Moral i Cultural del Poblenou,1986-04-24T00:00:00+02:00,2021-03-03T22:15:37.362930+01:00,,,270901,C Pujades,176,,68,el Poblenou,10,Sant Martí,8005,BARCELONA,TRUE,,164324,20001,Telèfons,Tel.,934853699,TRUE,,55732068,Teatres,"Planol BCN >> Cultura i lleure >> Cinemes, teatres, auditoris >> Teatres",651,6.5103E+13,433140.2485,4583596.859,41.40113329,2.200145849,,,
﻿92086015533,Escola Tècnica Superior d'Enginyeria Industrial de Barcelona,,,1986-05-05T00:00:00+02:00,2023-01-20T13:03:30.568519+01:00,,,144601,Av Diagonal,647,,20,la Maternitat i Sant Ramon,4,Les Corts,8028,BARCELONA,TRUE,,165027,20001,Telèfons,Tel.,934016558,TRUE,Cinema,55732069,Cinemes,"Planol BCN >> Cultura i lleure >> Cinemes, teatres, auditoris >> Cinemes",651,6.5103E+13,426025.3111,4581863.655,41.38489998,2.11524966,,,
﻿99400253875,Sala Lliure de Gràcia,75990089577,Teatre Lliure,2010-08-30T00:00:00+02:00,2022-09-17T07:25:38.178360+02:00,,,220109,C Montseny,47,,31,la Vila de Gràcia,6,Gràcia,8012,BARCELONA,TRUE,,223241,20003,Telèfons,Centraleta,932892770,TRUE,,55732068,Teatres,"Planol BCN >> Cultura i lleure >> Cinemes, teatres, auditoris >> Teatres",651,6.5103E+13,429454.4243,4583812.557,41.40276105,2.156031064,,,
﻿99400311203,Sala Fènix,,,2013-02-18T14:51:50+01:00,2022-11-22T10:21:07.495576+01:00,,,282605,C Riereta,31,,1,el Raval,1,Ciutat Vella,8001,BARCELONA,TRUE,,225136,20001,Telèfons,Tel.,93 441 3467,TRUE,,55732068,Teatres,"Planol BCN >> Cultura i lleure >> Cinemes, teatres, auditoris >> Teatres",651,6.5103E+13,430518.3145,4581024.434,41.37774198,2.169077402,,,
﻿75990162559,Teatre Condal,,,1996-09-18T00:00:00+02:00,2023-10-03T10:41:40.869437+02:00,,,198804,Av Paral.lel,91,,11,el Poble-sec,3,Sants-Montjuïc,8004,BARCELONA,TRUE,,145208,20001,Telèfons,Tel.,934423132,TRUE,,55732068,Teatres,"Planol BCN >> Cultura i lleure >> Cinemes, teatres, auditoris >> Teatres",651,6.5103E+13,430151.4612,4580702.131,41.37480734,2.164727836,,,
﻿75990147320,Teatre Coliseum,,,1996-09-18T00:00:00+02:00,2023-10-03T10:17:58.378442+02:00,,,169409,G.V. Corts Catalanes,595,,7,la Dreta de l'Eixample,2,Eixample,8007,BARCELONA,TRUE,,145083,20001,Telèfons,Tel.,933171448,TRUE,,55732068,Teatres,"Planol BCN >> Cultura i lleure >> Cinemes, teatres, auditoris >> Teatres",651,6.5103E+13,430287.1476,4582187.458,41.38819697,2.16617938,,,
﻿75990349641,Cinemes Verdi Park,,,1996-09-18T00:00:00+02:00,2023-10-03T10:39:25.942215+02:00,,,341908,Carrer de Torrijos,49,,31,la Vila de Gràcia,6,Gràcia,8012,Barcelona,TRUE,,151813,20001,Telèfons,Tel.,932387990,TRUE,,55732069,Cinemes,"Planol BCN >> Cultura i lleure >> Cinemes, teatres, auditoris >> Cinemes",651,6.5103E+13,429594.2509,4584000.294,41.40446419,2.157681863,,,
﻿99400331613,Cinema Mooby Balmes,,,2013-12-10T10:10:51+01:00,2023-06-12T08:33:48.576720+02:00,,,32700,Carrer de Balmes,422,,27,el Putxet i el Farró,5,Sarrià-Sant Gervasi,8022,Barcelona,TRUE,,,,,,,,,55732069,Cinemes,"Planol BCN >> Cultura i lleure >> Cinemes, teatres, auditoris >> Cinemes",651,6.5103E+13,428004.7713,4584318.342,41.40718793,2.138629902,,,
﻿99400108595,Teatre,92086011004,Casal Catòlic de Sant Andreu - Àntic Casino "El Progrés",2005-04-13T09:31:00+02:00,2022-09-17T06:23:30.180535+02:00,,,262200,C Pons i Gallarza,58,,60,Sant Andreu,9,Sant Andreu,8030,BARCELONA,TRUE,,212412,20001,Telèfons,Tel.,933453001,TRUE,,55732068,Teatres,"Planol BCN >> Cultura i lleure >> Cinemes, teatres, auditoris >> Teatres",651,6.5103E+13,432035.1545,4587448.316,41.43572945,2.186493922,,,
﻿99202125322,Sala Xavier Fàbregas,75990176320,Teatreneu Multisales,1999-07-21T00:00:00+02:00,2022-09-17T05:53:05.790349+02:00,,,334902,C Terol,26,,31,la Vila de Gràcia,6,Gràcia,8012,BARCELONA,TRUE,,203194,20001,Telèfons,Tel.,932853712,TRUE,,55732068,Teatres,"Planol BCN >> Cultura i lleure >> Cinemes, teatres, auditoris >> Teatres",651,6.5103E+13,429668.0792,4583868.472,41.40328338,2.158580354,,,
﻿75990343578,Tantarantana Teatre,,,1996-09-18T00:00:00+02:00,2023-10-03T10:02:57.425739+02:00,,,127409,C Flors,22,,1,el Raval,1,Ciutat Vella,8001,BARCELONA,TRUE,,151235,20001,Telèfons,Tel.,934417022,TRUE,,55732068,Teatres,"Planol BCN >> Cultura i lleure >> Cinemes, teatres, auditoris >> Teatres",651,6.5103E+13,430374.398,4580829.03,41.37596959,2.167378942,,,
﻿75990429331,Sala Versus Glòries,,,1997-03-01T00:00:00+01:00,2023-10-03T10:16:22.674907+02:00,,,73900,Castillejos,179,,5,el Fort Pienc,2,Eixample,8013,BARCELONA,TRUE,,153076,20001,Telèfons,Tel.,93 669 37 55,TRUE,,55732068,Teatres,"Planol BCN >> Cultura i lleure >> Cinemes, teatres, auditoris >> Teatres",651,6.5103E+13,431785.2657,4583718.099,41.40211144,2.183923867,,,
﻿75990332131,Cinemes Girona,,,1996-09-18T00:00:00+02:00,2023-02-15T12:59:42.738441+01:00,,,145003,Carrer de Girona,175,,7,la Dreta de l'Eixample,2,Eixample,8037,Barcelona,TRUE,,150608,20001,Telèfons,Tel.,931184531,TRUE,,55732069,Cinemes,"Planol BCN >> Cultura i lleure >> Cinemes, teatres, auditoris >> Cinemes",651,6.5103E+13,430169.8254,4583457.684,41.39962729,2.164629791,,,
﻿75990176320,Teatreneu Multisales,,,1996-09-18T00:00:00+02:00,2023-10-03T10:41:12.204933+02:00,,,334902,C Terol,26,,31,la Vila de Gràcia,6,Gràcia,8012,BARCELONA,TRUE,,147391,20001,Telèfons,Tel.,932853712,TRUE,,55732068,Teatres,"Planol BCN >> Cultura i lleure >> Cinemes, teatres, auditoris >> Teatres",651,6.5103E+13,429668.0792,4583868.472,41.40328338,2.158580354,,,
﻿99113100133,Teatre Zona Nord,92086019602,Centre Cívic Zona Nord,1999-04-23T00:00:00+02:00,2022-10-21T07:53:27.153339+02:00,,,351606,C Vallcivera,14,,55,Ciutat Meridiana,8,Nou Barris,8033,BARCELONA,TRUE,,202223,20001,Telèfons,Tel.,93 359 12 51,TRUE,,55732068,Teatres,"Planol BCN >> Cultura i lleure >> Cinemes, teatres, auditoris >> Teatres",651,6.5103E+13,431382.3853,4590227.013,41.46070057,2.178365655,,,
﻿93202181153,Teatre,92168166035,Centre Educatiu Sagrat Cor Besòs,1993-07-21T00:00:00+02:00,2023-01-20T14:04:53.377710+01:00,,,182203,Lluís Borrassà,16,,70,el Besòs i el Maresme,10,Sant Martí,8019,BARCELONA,TRUE,,174771,20001,Telèfons,Tel.,933052201,TRUE,,55732068,Teatres,"Planol BCN >> Cultura i lleure >> Cinemes, teatres, auditoris >> Teatres",651,6.5103E+13,434671.1844,4585181.668,41.41553314,2.218287944,,,
﻿99400307522,Atelier Barcelona,,,2012-12-20T16:18:42+01:00,2022-09-17T07:51:57.440356+02:00,,,703,C Abaixadors,10,,4,"Sant Pere, Santa Caterina i la Ribera",1,Ciutat Vella,8003,BARCELONA,TRUE,,,,,,,,,55732068,Teatres,"Planol BCN >> Cultura i lleure >> Cinemes, teatres, auditoris >> Teatres",651,6.5103E+13,431538.3375,4581613.801,41.38313767,2.181207941,,,
﻿99400027415,Auditori,92086002380,Centre Cívic Cotxeres de Sants,2002-11-19T18:16:06+01:00,2022-09-17T05:59:25.782946+02:00,,,312400,C Sants,79,,18,Sants,3,Sants-Montjuïc,8014,BARCELONA,TRUE,,205772,20001,Telèfons,Tel.,932918701,TRUE,,55732070,Auditoris,"Planol BCN >> Cultura i lleure >> Cinemes, teatres, auditoris >> Auditoris",651,6.5103E+13,427824.7228,4580779.459,41.37529849,2.136897694,,,
﻿99202125502,Sala Cafè Teatre,75990176320,Teatreneu Multisales,1999-07-21T00:00:00+02:00,2022-09-17T05:53:06.167012+02:00,,,334902,C Terol,26,,31,la Vila de Gràcia,6,Gràcia,8012,BARCELONA,TRUE,,203195,20001,Telèfons,Tel.,932853712,TRUE,,55732068,Teatres,"Planol BCN >> Cultura i lleure >> Cinemes, teatres, auditoris >> Teatres",651,6.5103E+13,429668.0792,4583868.472,41.40328338,2.158580354,,,
﻿99400610236,Sala Ars Teatre BCN,,,2018-10-05T12:18:09+02:00,2022-11-22T10:16:45.467217+01:00,,,175106,C Jonqueres,15,,4,"Sant Pere, Santa Caterina i la Ribera",1,Ciutat Vella,8003,BARCELONA,TRUE,,232386,20001,Telèfons,Tel.,936539566,TRUE,,55732068,Teatres,"Planol BCN >> Cultura i lleure >> Cinemes, teatres, auditoris >> Teatres",651,6.5103E+13,430933.2543,4582216.432,41.38851366,2.173903247,,,
﻿92168176523,Teatre del  Raval,,,1991-12-17T00:00:00+01:00,2022-11-22T10:18:45.216665+01:00,,,296600,C Sant Antoni Abat,12,,1,el Raval,1,Ciutat Vella,8001,BARCELONA,TRUE,,173993,20038,Telèfons,Taquilles,934433999,TRUE,,55732068,Teatres,"Planol BCN >> Cultura i lleure >> Cinemes, teatres, auditoris >> Teatres",651,6.5103E+13,430198.6066,4581212.12,41.37940474,2.165232828,,,
﻿99400609357,Club Onyric,75990162559,Teatre Condal,2018-09-26T00:00:00+02:00,2023-02-01T16:52:12.169900+01:00,,,198804,Av Paral.lel,91,,11,el Poble-sec,3,Sants-Montjuïc,8004,BARCELONA,TRUE,,232460,20001,Telèfons,Tel.,934423132,TRUE,,55732068,Teatres,"Planol BCN >> Cultura i lleure >> Cinemes, teatres, auditoris >> Teatres",651,6.5103E+13,430151.4612,4580702.131,41.37480734,2.164727836,,,
﻿99400589817,Zumzeig Cinecooperativa,,,2018-04-18T15:49:44+02:00,2022-05-30T14:19:20.330423+02:00,,,37601,Carrer de Béjar,53,,15,Hostafrancs,3,Sants-Montjuïc,8014,Barcelona,TRUE,,456075,20001,Telèfons,Tel.,935 461 411,FALSE,,55732069,Cinemes,"Planol BCN >> Cultura i lleure >> Cinemes, teatres, auditoris >> Cinemes",651,6.5103E+13,428511.5241,4581003.724,41.37737967,2.145083421,,,
﻿92086002091,Auditòrium,92086002081,Facultat de Biologia - UB,1986-04-28T00:00:00+02:00,2023-02-01T16:52:28.776473+01:00,,,144601,Av Diagonal,643,,20,la Maternitat i Sant Ramon,4,Les Corts,8028,BARCELONA,TRUE,,160115,20001,Telèfons,Tel.,934021431,TRUE,,55732070,Auditoris,"Planol BCN >> Cultura i lleure >> Cinemes, teatres, auditoris >> Auditoris",651,6.5103E+13,426406.0443,4581991.176,41.38608342,2.11978729,,,
﻿93196143039,Teatre,92168164999,Centre Educatiu Escola Pia Balmes,1993-07-15T00:00:00+02:00,2023-01-20T14:00:34.601250+01:00,,,32700,C Balmes,208,,26,Sant Gervasi - Galvany,5,Sarrià-Sant Gervasi,8006,BARCELONA,TRUE,,174904,20001,Telèfons,Tel.,932178612,TRUE,,55732068,Teatres,"Planol BCN >> Cultura i lleure >> Cinemes, teatres, auditoris >> Teatres",651,6.5103E+13,429102.0378,4583268.61,41.39783093,2.151879447,,,
﻿93201200711,Teatre,92168165393,"Centre Educatiu Jesús, Maria i Josep",1993-07-20T00:00:00+02:00,2022-09-17T05:04:30.523497+02:00,,,310904,C Sant Sebastià,55,,60,Sant Andreu,9,Sant Andreu,8030,BARCELONA,TRUE,,174767,20001,Telèfons,Tel.,933112161,TRUE,,55732068,Teatres,"Planol BCN >> Cultura i lleure >> Cinemes, teatres, auditoris >> Teatres",651,6.5103E+13,432477.7354,4586655.259,41.42862398,2.191879485,,,
﻿99400266129,Teatre CCCB,94042144909,Centre de Cultura Contemporània de Barcelona,2011-03-11T00:00:00+01:00,2022-09-17T07:33:04.478187+02:00,,,216906,C Montalegre,5,,1,el Raval,1,Ciutat Vella,8001,BARCELONA,TRUE,,224238,20001,Telèfons,Tel.,933064100,TRUE,,55732068,Teatres,"Planol BCN >> Cultura i lleure >> Cinemes, teatres, auditoris >> Teatres",651,6.5103E+13,430335.5442,4581711.515,41.3839145,2.16681291,,,
﻿99400266441,Sala Raval,94042144909,Centre de Cultura Contemporània de Barcelona,2011-03-16T00:00:00+01:00,2023-04-24T13:43:02.853437+02:00,,,216906,C Montalegre,5,,1,el Raval,1,Ciutat Vella,8001,BARCELONA,TRUE,,223895,20001,Telèfons,Tel.,933064100,TRUE,,55732068,Teatres,"Planol BCN >> Cultura i lleure >> Cinemes, teatres, auditoris >> Teatres",651,6.5103E+13,430335.5442,4581711.515,41.3839145,2.16681291,,,
﻿97314144540,Teatre Nacional de Catalunya,,,1997-11-10T00:00:00+01:00,2023-02-27T17:43:17.416460+01:00,,,701191,Plaça de les Arts,1,,5,el Fort Pienc,2,Eixample,8013,Barcelona,TRUE,,199928,20001,Telèfons,Tel.,933065700,TRUE,,55732068,Teatres,"Planol BCN >> Cultura i lleure >> Cinemes, teatres, auditoris >> Teatres",651,6.5103E+13,431965.11,4583450.627,41.39971764,2.186105257,,,
﻿99400265667,Sala FlyHard,,,2011-03-04T11:44:17+01:00,2022-09-17T07:32:40.789112+02:00,,,11506,C Alpens,3,,16,la Bordeta,3,Sants-Montjuïc,8014,BARCELONA,TRUE,,223856,20001,Telèfons,Tel.,934322477,TRUE,,55732068,Teatres,"Planol BCN >> Cultura i lleure >> Cinemes, teatres, auditoris >> Teatres",651,6.5103E+13,428132.4919,4580403.318,41.37193826,2.140622319,,,
﻿99400347711,Sala Gran "La Claca",99400187243,Teatre Gaudí de Barcelona,2014-07-16T00:00:00+02:00,2022-09-17T08:07:45.036802+02:00,,,297001,C Sant Antoni Maria Claret,120,,6,la Sagrada Família,2,Eixample,8025,BARCELONA,TRUE,,226223,20001,Telèfons,Tel.,936035161,TRUE,,55732068,Teatres,"Planol BCN >> Cultura i lleure >> Cinemes, teatres, auditoris >> Teatres",651,6.5103E+13,430586.9692,4584323.392,41.40746055,2.169520254,,,
﻿99400347712,Sala Gran "Teresa Calafell",99400187243,Teatre Gaudí de Barcelona,2014-07-16T00:00:00+02:00,2022-09-17T08:07:46.130886+02:00,,,297001,C Sant Antoni Maria Claret,120,,6,la Sagrada Família,2,Eixample,8025,BARCELONA,TRUE,,226280,20001,Telèfons,Tel.,936035161,TRUE,,55732068,Teatres,"Planol BCN >> Cultura i lleure >> Cinemes, teatres, auditoris >> Teatres",651,6.5103E+13,430586.9692,4584323.392,41.40746055,2.169520254,,,
﻿98083181348,Cinemes Boliche,,,1998-03-24T00:00:00+01:00,2023-02-15T12:59:27.413861+01:00,,,144601,Avinguda Diagonal,508,,26,Sant Gervasi - Galvany,5,Sarrià-Sant Gervasi,8006,Barcelona,TRUE,,200383,20001,Telèfons,Tel.,936243127,TRUE,,55732069,Cinemes,"Planol BCN >> Cultura i lleure >> Cinemes, teatres, auditoris >> Cinemes",651,6.5103E+13,429252.0784,4582990.187,41.39533649,2.153706657,,,
﻿99400355463,Teatre,75990416212,Lluïsos de Gràcia,2014-10-10T00:00:00+02:00,2022-09-17T08:08:54.649597+02:00,,,229001,Pl Nord,7,,31,la Vila de Gràcia,6,Gràcia,8024,BARCELONA,TRUE,,226499,20001,Telèfons,Tel.,932183372,TRUE,,55732068,Teatres,"Planol BCN >> Cultura i lleure >> Cinemes, teatres, auditoris >> Teatres",651,6.5103E+13,429420.5205,4584315.004,41.40728343,2.15556691,,,
﻿99400242299,Teatre Akadèmia,,,2010-03-01T16:48:47+01:00,2022-09-21T14:37:56.292920+02:00,,,51205,C Buenos Aires,47,,8,l'Antiga Esquerra de l'Eixample,2,Eixample,8036,BARCELONA,TRUE,,222568,20001,Telèfons,Tel.,934951447,TRUE,,55732068,Teatres,"Planol BCN >> Cultura i lleure >> Cinemes, teatres, auditoris >> Teatres",651,6.5103E+13,428712.9257,4582706.305,41.39273206,2.147291361,,,
﻿99400664939,Teatre Apolo,,,2021-03-09T09:51:47.129521+01:00,2021-05-19T12:01:45.677257+02:00,,,198804,Avinguda del Paral·lel,57,61,11,el Poble-sec,3,Sants-Montjuïc,8004,Barcelona,TRUE,,412827,20001,Telèfons,Tel.,93 459 99 39,FALSE,,55732068,Teatres,"Planol BCN >> Cultura i lleure >> Cinemes, teatres, auditoris >> Teatres",651,6.5103E+13,430620.2332,4580695.557,41.37478867,2.170333755,,,
﻿97315093326,Sala Petita,97314144540,Teatre Nacional de Catalunya,1997-11-11T00:00:00+01:00,2023-02-27T17:44:06.399629+01:00,,,701191,Pl Arts,1,,5,el Fort Pienc,2,Eixample,8013,BARCELONA,TRUE,,199635,20001,Telèfons,Tel.,933065700,TRUE,,55732068,Teatres,"Planol BCN >> Cultura i lleure >> Cinemes, teatres, auditoris >> Teatres",651,6.5103E+13,431965.11,4583450.627,41.39971764,2.186105257,,,
﻿99400061518,Auditori,92168152008,Centre d'Estudis i Recursos Culturals - Pati Manning,2003-09-26T14:10:00+02:00,2022-09-17T06:04:37.836959+02:00,,,216906,C Montalegre,7,,1,el Raval,1,Ciutat Vella,8001,BARCELONA,TRUE,,207607,20001,Telèfons,Tel.,934022565,TRUE,,55732070,Auditoris,"Planol BCN >> Cultura i lleure >> Cinemes, teatres, auditoris >> Auditoris",651,6.5103E+13,430335.5442,4581711.515,41.3839145,2.16681291,,,
﻿1331141308,Sala Espai Lliure,75990089577,Teatre Lliure,2001-11-27T00:00:00+01:00,2023-10-03T10:45:53.119060+02:00,,,700685,Pl Margarida Xirgu,1,,11,el Poble-sec,3,Sants-Montjuïc,8004,BARCELONA,TRUE,,133192,20001,Telèfons,Tel.,932892770,TRUE,,55732068,Teatres,"Planol BCN >> Cultura i lleure >> Cinemes, teatres, auditoris >> Teatres",651,6.5103E+13,429538.3452,4580249.752,41.37067945,2.157449326,,,
﻿99400406294,Eòlia Teatre,157183430,Eòlia Escola Superior d'Art Dramàtic,2015-11-16T00:00:00+01:00,2022-09-17T08:29:52.250450+02:00,,,31300,C Bailèn,23,,7,la Dreta de l'Eixample,2,Eixample,8010,BARCELONA,TRUE,,227153,20001,Telèfons,Tel.,933192397,TRUE,,55732068,Teatres,"Planol BCN >> Cultura i lleure >> Cinemes, teatres, auditoris >> Teatres",651,6.5103E+13,431127.3163,4582670.099,41.39261635,2.176172577,,,
﻿99400467597,City Hall Barcelona,,,2016-10-19T10:40:51+02:00,2022-09-17T08:46:54.423018+02:00,,,74506,Rbla Catalunya,2,,7,la Dreta de l'Eixample,2,Eixample,8007,BARCELONA,TRUE,,229055,20006,Telèfons,Informació,932380722,TRUE,,55732068,Teatres,"Planol BCN >> Cultura i lleure >> Cinemes, teatres, auditoris >> Teatres",651,6.5103E+13,430475.6627,4582127.404,41.3876724,2.168440834,,,
﻿99400467597,City Hall Barcelona,,,2016-10-19T10:40:51+02:00,2022-09-17T08:46:54.423018+02:00,,,74506,Rbla Catalunya,2,,7,la Dreta de l'Eixample,2,Eixample,8007,BARCELONA,TRUE,,229055,20006,Telèfons,Informació,932380722,TRUE,,55734070,Discoteques,Planol BCN >> Cultura i lleure >> Espais de música i copes >> Discoteques,651,6.5103E+13,430475.6627,4582127.404,41.3876724,2.168440834,,,
﻿99217141611,Mooby  Gran Sarrià Multicines,,,1999-08-05T00:00:00+02:00,2023-06-12T08:38:08.720768+02:00,,,143904,Ronda del General Mitre,34,,24,les Tres Torres,5,Sarrià-Sant Gervasi,8017,Barcelona,TRUE,,203314,20001,Telèfons,Tel.,932095658,TRUE,,55732069,Cinemes,"Planol BCN >> Cultura i lleure >> Cinemes, teatres, auditoris >> Cinemes",651,6.5103E+13,427537.1911,4582843.638,41.39386389,2.133212775,,,
﻿1317124759,Cinesa Diagonal Mar,,,2001-11-13T00:00:00+01:00,2022-09-17T02:32:33.062664+02:00,,,144601,Avinguda Diagonal,3,35,69,Diagonal Mar i el Front Marítim del Poblenou,10,Sant Martí,8019,Barcelona,TRUE,,,,,,,,,55732069,Cinemes,"Planol BCN >> Cultura i lleure >> Cinemes, teatres, auditoris >> Cinemes",651,6.5103E+13,434692.5413,4584678.819,41.41100584,2.218597754,,,
﻿97239174457,Teatre Poliorama,,,1997-08-27T00:00:00+02:00,2022-11-22T10:34:20.089784+01:00,,,34308,la Rambla,115,,1,el Raval,1,Ciutat Vella,8002,BARCELONA,TRUE,,198185,20001,Telèfons,Tel.,933177599,TRUE,,55732068,Teatres,"Planol BCN >> Cultura i lleure >> Cinemes, teatres, auditoris >> Teatres",651,6.5103E+13,430664.249,4581737.388,41.38417593,2.170740864,,,
﻿99026100242,Auditori Maria Dolors Camprubí,99026095631,Centre Cívic Tomasa Cuevas - Les Corts,1999-01-26T00:00:00+01:00,2022-07-15T13:48:44.638497+02:00,,,202708,C Dolors Masferrer i Bosch,33,,19,les Corts,4,Les Corts,8028,BARCELONA,TRUE,,201920,20001,Telèfons,Tel.,932916462,TRUE,,55732070,Auditoris,"Planol BCN >> Cultura i lleure >> Cinemes, teatres, auditoris >> Auditoris",651,6.5103E+13,427119.8654,4581843.537,41.38481868,2.128341679,,,
﻿92086003081,Teatre,92086003071,Centre Moral i Instructiu de Gràcia,1986-04-23T00:00:00+02:00,2021-03-03T22:15:31.814979+01:00,,,288102,C Ros de Olano,9,,31,la Vila de Gràcia,6,Gràcia,8012,BARCELONA,TRUE,,160353,20008,Telèfons,Secretaria,932181964,TRUE,,55732068,Teatres,"Planol BCN >> Cultura i lleure >> Cinemes, teatres, auditoris >> Teatres",651,6.5103E+13,429348.6564,4583634.356,41.40114677,2.154786644,,,
﻿92086003106,Centre Artesà Tradicionàrius,,,1984-05-30T00:00:00+02:00,2022-03-11T14:25:29.514826+01:00,,,344407,Trvs Sant Antoni,6,,31,la Vila de Gràcia,6,Gràcia,8012,BARCELONA,TRUE,,160358,20001,Telèfons,Tel.,932184485,TRUE,,55732070,Auditoris,"Planol BCN >> Cultura i lleure >> Cinemes, teatres, auditoris >> Auditoris",651,6.5103E+13,429344.0214,4583789.628,41.40254484,2.154713078,,,
﻿92086003106,Centre Artesà Tradicionàrius,,,1984-05-30T00:00:00+02:00,2022-03-11T14:25:29.514826+01:00,,,344407,Trvs Sant Antoni,6,,31,la Vila de Gràcia,6,Gràcia,8012,BARCELONA,TRUE,,160358,20001,Telèfons,Tel.,932184485,TRUE,,66731068,WiFi BCN,Planol BCN >> Internet >> Punts d'accés a Internet >> WiFi BCN,651,6.5103E+13,429344.0214,4583789.628,41.40254484,2.154713078,,,
﻿92086009592,Auditori Eduard Toldrà,92086009589,Conservatori Municipal de Música de Barcelona,1986-04-25T00:00:00+02:00,2022-09-17T04:08:52.506242+02:00,,,49509,C Bruc,110,,7,la Dreta de l'Eixample,2,Eixample,8009,BARCELONA,TRUE,,161698,20001,Telèfons,Tel.,934584302,TRUE,,55732070,Auditoris,"Planol BCN >> Cultura i lleure >> Cinemes, teatres, auditoris >> Auditoris",651,6.5103E+13,430450.6798,4583041.179,41.39590031,2.168037121,,,
﻿75990133975,Villarroel Teatre,,,1996-09-18T00:00:00+02:00,2023-10-03T10:17:01.864966+02:00,,,363809,Villarroel,87,,8,l'Antiga Esquerra de l'Eixample,2,Eixample,8011,BARCELONA,TRUE,,145744,20001,Telèfons,Tel.,93 451 12 34,TRUE,,55732068,Teatres,"Planol BCN >> Cultura i lleure >> Cinemes, teatres, auditoris >> Teatres",651,6.5103E+13,429558.9907,4581789.195,41.38454651,2.157517256,,,
﻿97331100216,Teatre,75990108406,Centre Educatiu Salesià de Sant Josep,1997-11-27T00:00:00+01:00,2022-09-17T05:35:40.355180+02:00,,,285807,C Rocafort,42,,10,Sant Antoni,2,Eixample,8015,BARCELONA,TRUE,,199493,20001,Telèfons,Tel.,934231234,TRUE,,55732068,Teatres,"Planol BCN >> Cultura i lleure >> Cinemes, teatres, auditoris >> Teatres",651,6.5103E+13,429424.3142,4581001.586,41.37744099,2.155998403,,,
﻿92168152612,Teatre Tívoli,,,1984-05-30T00:00:00+02:00,2023-02-27T17:45:29.931591+01:00,,,71600,Casp,8,,7,la Dreta de l'Eixample,2,Eixample,8010,BARCELONA,TRUE,,170984,20001,Telèfons,Tel.,902332211,TRUE,,55732068,Teatres,"Planol BCN >> Cultura i lleure >> Cinemes, teatres, auditoris >> Teatres",651,6.5103E+13,430669.2718,4582282.285,41.38908407,2.170738573,,,
﻿99284165916,El Teatre Més Petit,,,1999-10-11T00:00:00+02:00,2023-01-20T14:10:51.024551+01:00,,,109203,Encarnació,25,,31,la Vila de Gràcia,6,Gràcia,8012,BARCELONA,TRUE,,,,,,,,,55732068,Teatres,"Planol BCN >> Cultura i lleure >> Cinemes, teatres, auditoris >> Teatres",651,6.5103E+13,429692.5969,4584183.087,41.40611914,2.158837097,,,
﻿93280123622,Auditòrium,92086008847,Edifici Palau de la Generalitat,1993-10-07T00:00:00+01:00,2022-09-17T05:05:16.708303+02:00,,,303705,Pl Sant Jaume,4,,2,el Barri Gòtic,1,Ciutat Vella,8002,BARCELONA,TRUE,,174939,20001,Telèfons,Tel.,934024600,TRUE,,55732070,Auditoris,"Planol BCN >> Cultura i lleure >> Cinemes, teatres, auditoris >> Auditoris",651,6.5103E+13,431170.9801,4581583.985,41.38283778,2.176818217,,,
﻿98097151404,L'Auditori de Barcelona,,,1998-04-07T00:00:00+02:00,2023-02-16T11:25:33.664421+01:00,,,178308,Carrer de Lepant,150,,5,el Fort Pienc,2,Eixample,8013,Barcelona,TRUE,,200811,20003,Telèfons,Centraleta,932479300,TRUE,,55732070,Auditoris,"Planol BCN >> Cultura i lleure >> Cinemes, teatres, auditoris >> Auditoris",651,6.5103E+13,431885.0338,4583346.434,41.39877242,2.185159128,,,
﻿98097151404,L'Auditori de Barcelona,,,1998-04-07T00:00:00+02:00,2023-02-16T11:25:33.664421+01:00,,,178308,Carrer de Lepant,150,,5,el Fort Pienc,2,Eixample,8013,Barcelona,TRUE,,200811,20003,Telèfons,Centraleta,932479300,TRUE,,66731068,WiFi BCN,Planol BCN >> Internet >> Punts d'accés a Internet >> WiFi BCN,651,6.5103E+13,431885.0338,4583346.434,41.39877242,2.185159128,,,
﻿96351192937,Teatre,75990056531,Escola ETP Xavier,1996-12-16T00:00:00+01:00,2023-01-20T14:10:52.610168+01:00,,,208602,Mercaders,32,,4,"Sant Pere, Santa Caterina i la Ribera",1,Ciutat Vella,8003,BARCELONA,TRUE,,195689,20001,Telèfons,Tel.,933191700,TRUE,,55732068,Teatres,"Planol BCN >> Cultura i lleure >> Cinemes, teatres, auditoris >> Teatres",651,6.5103E+13,431242.8083,4581905.219,41.38573718,2.177640731,,,
﻿1179141110,Teatre,92086002304,Parròquia de Sant Medir,2001-06-28T00:00:00+02:00,2022-09-17T02:23:47.859762+02:00,,,89707,C Constitució,17,,16,la Bordeta,3,Sants-Montjuïc,8014,BARCELONA,TRUE,,,,,,,,,55732068,Teatres,"Planol BCN >> Cultura i lleure >> Cinemes, teatres, auditoris >> Teatres",651,6.5103E+13,427893.7223,4580168.912,41.3698057,2.137795345,,,
﻿81155758,Auditori,98181142011,Parc Científic de Barcelona,2000-03-21T00:00:00+01:00,2022-09-17T02:15:27.095803+02:00,,,32051,C Baldiri Reixac,4,,20,la Maternitat i Sant Ramon,4,Les Corts,8028,BARCELONA,TRUE,,129385,20001,Telèfons,Tel.,934037171,TRUE,,55732070,Auditoris,"Planol BCN >> Cultura i lleure >> Cinemes, teatres, auditoris >> Auditoris",651,6.5103E+13,426147.0429,4581519.884,41.38181497,2.116747329,,,
﻿92086001479,Teatre Centre Sant Pere Apóstol,,,1985-01-31T00:00:00+01:00,2021-03-03T22:15:31.678687+01:00,,,12407,C Sant Pere Més Alt,25,,4,"Sant Pere, Santa Caterina i la Ribera",1,Ciutat Vella,8003,BARCELONA,TRUE,,160554,20001,Telèfons,Tel.,932682509,TRUE,,55732068,Teatres,"Planol BCN >> Cultura i lleure >> Cinemes, teatres, auditoris >> Teatres",651,6.5103E+13,431133.5433,4582177.944,41.38818419,2.176303011,,,
﻿1281145134,Teatre,75990020151,Institució Cultural del C.I.C.,2001-10-08T00:00:00+02:00,2023-10-03T10:45:53.699572+02:00,,,28000,Via Augusta,205,,26,Sant Gervasi - Galvany,5,Sarrià-Sant Gervasi,8021,BARCELONA,TRUE,,133419,20001,Telèfons,Tel.,932001133,TRUE,,55732068,Teatres,"Planol BCN >> Cultura i lleure >> Cinemes, teatres, auditoris >> Teatres",651,6.5103E+13,428016.4904,4583264.48,41.39769729,2.138895417,,,
﻿75990017485,Cinema Mooby Aribau,,,1996-09-17T00:00:00+02:00,2023-11-07T09:14:00.716143+01:00,,,23403,Carrer d'Aribau,8,,8,l'Antiga Esquerra de l'Eixample,2,Eixample,8011,Barcelona,FALSE,,135176,20001,Telèfons,Tel.,934545108,TRUE,,55732069,Cinemes,"Planol BCN >> Cultura i lleure >> Cinemes, teatres, auditoris >> Cinemes",651,6.5103E+13,429994.7154,4581980.232,41.38630516,2.162705965,,,
﻿92086015478,Teatre,92168152499,Casa de Cuenca de Barcelona,1986-04-24T00:00:00+02:00,2023-02-01T16:52:23.156834+01:00,,,217104,C Muntanya,62,,64,el Camp de l'Arpa del Clot,10,Sant Martí,8026,BARCELONA,TRUE,,164327,20001,Telèfons,Tel.,934558467,TRUE,,55732068,Teatres,"Planol BCN >> Cultura i lleure >> Cinemes, teatres, auditoris >> Teatres",651,6.5103E+13,431875.9606,4584822.682,41.41206777,2.184884438,,,
﻿75990090931,Luz de Gas,,,1996-09-18T00:00:00+02:00,2023-10-03T10:42:56.628974+02:00,,,223606,C Muntaner,246,,26,Sant Gervasi - Galvany,5,Sarrià-Sant Gervasi,8021,BARCELONA,TRUE,,141401,20003,Telèfons,Centraleta,932097711,TRUE,,55732068,Teatres,"Planol BCN >> Cultura i lleure >> Cinemes, teatres, auditoris >> Teatres",651,6.5103E+13,428863.0962,4582914.907,41.39462416,2.14906295,,,
﻿75990090931,Luz de Gas,,,1996-09-18T00:00:00+02:00,2023-10-03T10:42:56.628974+02:00,,,223606,C Muntaner,246,,26,Sant Gervasi - Galvany,5,Sarrià-Sant Gervasi,8021,BARCELONA,TRUE,,141401,20003,Telèfons,Centraleta,932097711,TRUE,,55734070,Discoteques,Planol BCN >> Cultura i lleure >> Espais de música i copes >> Discoteques,651,6.5103E+13,428863.0962,4582914.907,41.39462416,2.14906295,,,
﻿2071125357,Saló del Tinell,92086011563,MUHBA Museu d'Història de Barcelona - Plaça del Rei,2002-03-12T00:00:00+01:00,2023-06-09T10:41:12.296891+02:00,,,280600,Plaça del Rei,9,,2,el Barri Gòtic,1,Ciutat Vella,8002,Barcelona,TRUE,,134629,20003,Telèfons,Centraleta,932562100,TRUE,,55732070,Auditoris,"Planol BCN >> Cultura i lleure >> Cinemes, teatres, auditoris >> Auditoris",651,6.5103E+13,431209.4677,4581745.466,41.38429549,2.177260143,,,
﻿299170435,Auditori,92086011642,Institut del Teatre,2000-10-25T00:00:00+02:00,2022-09-17T02:19:47.210335+02:00,,,700685,Pl Margarida Xirgu,1,,11,el Poble-sec,3,Sants-Montjuïc,8004,BARCELONA,TRUE,,130993,20001,Telèfons,Tel.,932273900,TRUE,,55732070,Auditoris,"Planol BCN >> Cultura i lleure >> Cinemes, teatres, auditoris >> Auditoris",651,6.5103E+13,429538.3452,4580249.752,41.37067945,2.157449326,,,
﻿75990063415,Cinema Comèdia *Tancat,,,1996-09-18T00:00:00+02:00,2024-05-10T07:41:43.662165+02:00,,,148307,Passeig de Gràcia,13,,7,la Dreta de l'Eixample,2,Eixample,8007,Barcelona,TRUE,,,,,,,,,55732069,Cinemes,"Planol BCN >> Cultura i lleure >> Cinemes, teatres, auditoris >> Cinemes",651,6.5103E+13,430412.4523,4582337.273,41.38955716,2.167660761,,,
﻿1331135946,Sala Fabià Puigserver,75990089577,Teatre Lliure,2001-11-27T00:00:00+01:00,2023-10-03T10:45:53.194466+02:00,,,316809,Pg Santa Madrona,40,,11,el Poble-sec,3,Sants-Montjuïc,8038,BARCELONA,TRUE,,133191,20001,Telèfons,Tel.,932892770,TRUE,,55732068,Teatres,"Planol BCN >> Cultura i lleure >> Cinemes, teatres, auditoris >> Teatres",651,6.5103E+13,429523.3534,4580234.222,41.37053826,2.157271884,,,
﻿75990107722,Teatre El Llantiol,,,1996-09-18T00:00:00+02:00,2023-10-03T10:03:30.054410+02:00,,,282605,C Riereta,7,,1,el Raval,1,Ciutat Vella,8001,BARCELONA,TRUE,,142878,20001,Telèfons,Tel.,933299009,TRUE,,55732068,Teatres,"Planol BCN >> Cultura i lleure >> Cinemes, teatres, auditoris >> Teatres",651,6.5103E+13,430384.8368,4581150.952,41.37886995,2.167466788,,,
﻿1257094507,Cinesa SOM Multiespai,,,2001-09-14T00:00:00+02:00,2023-02-15T13:01:43.647843+01:00,,,282650,Avinguda de Rio de Janeiro,42,,45,Porta,8,Nou Barris,8016,Barcelona,TRUE,,,,,,,,,55732069,Cinemes,"Planol BCN >> Cultura i lleure >> Cinemes, teatres, auditoris >> Cinemes",651,6.5103E+13,431579.0119,4587385.475,41.43512473,2.181041766,,,
﻿62172326,Auditori,96025141508,Museu d'Història de Catalunya,2000-03-02T00:00:00+01:00,2022-09-17T02:14:34.851038+02:00,,,248050,Pl Pau Vila,1,,3,la Barceloneta,1,Ciutat Vella,8039,BARCELONA,TRUE,,128983,20001,Telèfons,Tel.,932254700,TRUE,,55732070,Auditoris,"Planol BCN >> Cultura i lleure >> Cinemes, teatres, auditoris >> Auditoris",651,6.5103E+13,431926.0598,4581354.891,41.38083864,2.185873681,,,
﻿75990066470,Teatre Romea,,,1996-09-18T00:00:00+02:00,2023-10-03T10:03:42.368823+02:00,,,157909,C Hospital,51,,1,el Raval,1,Ciutat Vella,8001,BARCELONA,TRUE,,139649,20038,Telèfons,Taquilles,933015504,TRUE,,55732068,Teatres,"Planol BCN >> Cultura i lleure >> Cinemes, teatres, auditoris >> Teatres",651,6.5103E+13,430689.0078,4581338.458,41.38058502,2.171082582,,,
﻿75990172785,Teatre Goya,,,1996-09-18T00:00:00+02:00,2023-10-03T10:03:15.731284+02:00,,,167709,C Joaquín Costa,68,,1,el Raval,1,Ciutat Vella,8001,BARCELONA,TRUE,,147327,20001,Telèfons,Tel.,933435323,TRUE,,55732068,Teatres,"Planol BCN >> Cultura i lleure >> Cinemes, teatres, auditoris >> Teatres",651,6.5103E+13,430158.3139,4581746.674,41.3842158,2.164689399,,,
﻿92086015480,Cooperativa Nova Obrera,,,1986-04-24T00:00:00+02:00,2022-09-17T04:25:30.400423+02:00,,,151200,C Guadiana,22,,18,Sants,3,Sants-Montjuïc,8014,BARCELONA,TRUE,,164328,20001,Telèfons,Tel.,934216740,TRUE,,55732068,Teatres,"Planol BCN >> Cultura i lleure >> Cinemes, teatres, auditoris >> Teatres",651,6.5103E+13,428015.259,4580663.851,41.37427432,2.139189687,,,
﻿159174943,Cinema Yelmo *La Maquinista,,,2000-06-07T00:00:00+02:00,2023-09-27T10:58:38.415587+02:00,,,264308,Carrer de Potosí,2,,59,el Bon Pastor,9,Sant Andreu,8030,Barcelona,TRUE,,,,,,,,,55732069,Cinemes,"Planol BCN >> Cultura i lleure >> Cinemes, teatres, auditoris >> Cinemes",651,6.5103E+13,433190.7261,4588219.908,41.44277589,2.20023893,,,
﻿2086161222,Cinemes Renoir *Floridablanca,,,2002-03-27T00:00:00+01:00,2021-07-19T14:13:12.220994+02:00,,,127704,Carrer de Floridablanca,135,,10,Sant Antoni,2,Eixample,8011,Barcelona,TRUE,,134717,20001,Telèfons,Tel.,932289393,TRUE,,55732069,Cinemes,"Planol BCN >> Cultura i lleure >> Cinemes, teatres, auditoris >> Cinemes",651,6.5103E+13,429978.7457,4581470.321,41.38171116,2.162573908,,,
﻿92086010464,Teatre,92168151184,Ateneu Montserrat,1986-04-23T00:00:00+02:00,2023-02-01T17:03:01.694513+01:00,,,339509,C Torre d'en Damians,6,,15,Hostafrancs,3,Sants-Montjuïc,8014,BARCELONA,TRUE,,163757,20001,Telèfons,Tel.,934317555,TRUE,,55732068,Teatres,"Planol BCN >> Cultura i lleure >> Cinemes, teatres, auditoris >> Teatres",651,6.5103E+13,428472.0905,4580810.353,41.37563454,2.144634712,,,
﻿92168176499,Sala Beckett - Obrador Internacional de Dramatúrgia,,,1988-04-28T00:00:00+02:00,2023-10-03T11:38:55.917549+02:00,,,249304,C Pere IV,228,,68,el Poblenou,10,Sant Martí,8005,BARCELONA,TRUE,,172908,20001,Telèfons,Tel.,932845312,TRUE,,55732068,Teatres,"Planol BCN >> Cultura i lleure >> Cinemes, teatres, auditoris >> Teatres",651,6.5103E+13,433085.992,4583997.157,41.40473415,2.199452579,,,
﻿96348200713,Teatre,75990035832,Centre Educatiu Jesuïtes Casp - Sagrat Cor de Jesús,1996-12-13T00:00:00+01:00,2023-02-01T16:52:18.638686+01:00,,,71600,Casp,25,,7,la Dreta de l'Eixample,2,Eixample,8010,BARCELONA,TRUE,,195681,20001,Telèfons,Tel.,933183704,TRUE,,55732068,Teatres,"Planol BCN >> Cultura i lleure >> Cinemes, teatres, auditoris >> Teatres",651,6.5103E+13,430724.8013,4582386.992,41.39003192,2.171390716,,,
﻿299170336,Teatre Estudi,92086011642,Institut del Teatre,2000-10-25T00:00:00+02:00,2022-09-17T02:19:45.819149+02:00,,,700685,Pl Margarida Xirgu,1,,11,el Poble-sec,3,Sants-Montjuïc,8004,BARCELONA,TRUE,,130992,20001,Telèfons,Tel.,932273900,TRUE,,55732068,Teatres,"Planol BCN >> Cultura i lleure >> Cinemes, teatres, auditoris >> Teatres",651,6.5103E+13,429538.3452,4580249.752,41.37067945,2.157449326,,,
﻿99400708121,Espai Texas,,,2023-03-14T13:06:04.972594+01:00,2023-10-30T11:28:27.542951+01:00,,,31300,Carrer de Bailèn,205,205,31,la Vila de Gràcia,6,Gràcia,8037,Barcelona,TRUE,,,,,,,,,55732068,Teatres,"Planol BCN >> Cultura i lleure >> Cinemes, teatres, auditoris >> Teatres",651,6.5103E+13,430091.629,4583726.512,41.40204173,2.163663389,,,
﻿99400063278,Auditori,94354123927,Museu d'Art Contemporani de Barcelona,2003-10-16T12:38:00+02:00,2022-09-17T06:04:59.590737+02:00,,,16601,Pl Àngels,1,,1,el Raval,1,Ciutat Vella,8001,BARCELONA,TRUE,,207428,20001,Telèfons,Tel.,934120810,TRUE,,55732070,Auditoris,"Planol BCN >> Cultura i lleure >> Cinemes, teatres, auditoris >> Auditoris",651,6.5103E+13,430421.3494,4581628.853,41.38317742,2.167848529,,,
﻿99400164758,Teatre,92086035490,Centre Cívic Can Felipa,2006-07-12T11:17:00+02:00,2022-09-17T06:37:16.809377+02:00,,,700802,Pl Josep M. Huertas Claveria,1,,68,el Poblenou,10,Sant Martí,8005,BARCELONA,TRUE,,216119,20003,Telèfons,Centraleta,932563840,TRUE,,55732068,Teatres,"Planol BCN >> Cultura i lleure >> Cinemes, teatres, auditoris >> Teatres",651,6.5103E+13,433173.2732,4583879.284,41.40367976,2.200509712,,,
﻿99400164759,Teatre,99119115920,Centre Cultural La Farinera del Clot,2006-07-12T11:21:00+02:00,2022-09-17T06:37:17.544725+02:00,,,169409,G.V. Corts Catalanes,837,,65,el Clot,10,Sant Martí,8018,BARCELONA,TRUE,,216085,20001,Telèfons,Tel.,932918080,TRUE,,55732068,Teatres,"Planol BCN >> Cultura i lleure >> Cinemes, teatres, auditoris >> Teatres",651,6.5103E+13,432167.5119,4584029.275,41.40494645,2.188461496,,,
﻿99400164759,Teatre,99119115920,Centre Cultural La Farinera del Clot,2006-07-12T11:21:00+02:00,2022-09-17T06:37:17.544725+02:00,,,169409,G.V. Corts Catalanes,837,,65,el Clot,10,Sant Martí,8018,BARCELONA,TRUE,,216085,20001,Telèfons,Tel.,932918080,TRUE,,66731068,WiFi BCN,Planol BCN >> Internet >> Punts d'accés a Internet >> WiFi BCN,651,6.5103E+13,432167.5119,4584029.275,41.40494645,2.188461496,,,
﻿99400550523,Teatre La Gleva,,,2017-11-06T15:29:10+01:00,2022-09-17T09:08:49.794079+02:00,,,146709,C Gleva,19,,27,el Putxet i el Farró,5,Sarrià-Sant Gervasi,8006,BARCELONA,TRUE,,230721,20001,Telèfons,Tel.,932006543,TRUE,,55732068,Teatres,"Planol BCN >> Cultura i lleure >> Cinemes, teatres, auditoris >> Teatres",651,6.5103E+13,428609.5805,4583877.516,41.40327154,2.145917222,,,
﻿97035175013,Auditori Jordi Rubió i Balaguer - Àgora,92086033600,Facultat de Ciències Econòmiques i Empresarials - UPF,1997-02-04T00:00:00+01:00,2022-09-17T05:28:09.052342+02:00,,,132908,Ramon Trias Fargas,23,,67,la Vila Olímpica del Poblenou,10,Sant Martí,8005,BARCELONA,TRUE,,195587,20001,Telèfons,Tel.,935421700,TRUE,,55732070,Auditoris,"Planol BCN >> Cultura i lleure >> Cinemes, teatres, auditoris >> Auditoris",651,6.5103E+13,432362.0264,4582284.352,41.38924682,2.190983335,,,
﻿97038152958,Teatre,75990120076,Centre Educatiu Maria Auxiliadora,1997-02-07T00:00:00+01:00,2022-09-17T05:28:14.916066+02:00,,,323203,Sepúlveda,71,,10,Sant Antoni,2,Eixample,8015,BARCELONA,TRUE,,195607,20001,Telèfons,Tel.,933257712,TRUE,,55732068,Teatres,"Planol BCN >> Cultura i lleure >> Cinemes, teatres, auditoris >> Teatres",651,6.5103E+13,429429.3851,4581119.128,41.37850009,2.156045353,,,
﻿97038210711,Teatre,75990016466,Centre Educatiu Lestonnac,1997-02-07T00:00:00+01:00,2022-09-17T05:28:20.611144+02:00,,,247659,C Pau Claris,131,,7,la Dreta de l'Eixample,2,Eixample,8009,BARCELONA,TRUE,,197503,20001,Telèfons,Tel.,932159900,TRUE,,55732068,Teatres,"Planol BCN >> Cultura i lleure >> Cinemes, teatres, auditoris >> Teatres",651,6.5103E+13,430344.6929,4582705.35,41.39286644,2.16680804,,,
﻿97041174204,Teatre,75990334003,Centre Educatiu La Salle Bonanova,1997-02-10T00:00:00+01:00,2022-09-17T05:28:24.625477+02:00,,,44709,Pg Bonanova,8,,25,Sant Gervasi - la Bonanova,5,Sarrià-Sant Gervasi,8022,BARCELONA,TRUE,,196708,20001,Telèfons,Tel.,932540950,TRUE,,55732068,Teatres,"Planol BCN >> Cultura i lleure >> Cinemes, teatres, auditoris >> Teatres",651,6.5103E+13,427490.3243,4584218.24,41.40624013,2.132487589,,,
﻿92086011052,Teatre,92086011049,Cooperativa La Formiga Martinenca,1986-04-23T00:00:00+02:00,2022-09-17T04:15:59.208945+02:00,,,191204,C Mallorca,580,,64,el Camp de l'Arpa del Clot,10,Sant Martí,8026,BARCELONA,TRUE,,163659,20001,Telèfons,Tel.,932327709,TRUE,,55732068,Teatres,"Planol BCN >> Cultura i lleure >> Cinemes, teatres, auditoris >> Teatres",651,6.5103E+13,431837.821,4584609.601,41.41014537,2.18445214,,,
﻿99400504551,Recursos d'Animació Intercultural RAI,,,2017-05-17T13:58:16+02:00,2024-01-31T09:03:24.788295+01:00,,,65607,C Carders,12,,4,"Sant Pere, Santa Caterina i la Ribera",1,Ciutat Vella,8003,BARCELONA,TRUE,,582845,20001,Telèfons,Tel.,932681321,FALSE,,55732069,Cinemes,"Planol BCN >> Cultura i lleure >> Cinemes, teatres, auditoris >> Cinemes",651,6.5103E+13,431448.2313,4581953.574,41.38619024,2.180091946,,,
﻿99400504551,Recursos d'Animació Intercultural RAI,,,2017-05-17T13:58:16+02:00,2024-01-31T09:03:24.788295+01:00,,,65607,C Carders,12,,4,"Sant Pere, Santa Caterina i la Ribera",1,Ciutat Vella,8003,BARCELONA,TRUE,,582845,20001,Telèfons,Tel.,932681321,FALSE,,55732068,Teatres,"Planol BCN >> Cultura i lleure >> Cinemes, teatres, auditoris >> Teatres",651,6.5103E+13,431448.2313,4581953.574,41.38619024,2.180091946,,,
﻿99400390579,Teatre Sala Pangolí,,,2015-07-02T13:32:23+02:00,2022-03-07T14:17:03.819756+01:00,,,31300,C Bailèn,194,,32,el Camp d'en Grassot i Gràcia Nova,6,Gràcia,8037,BARCELONA,TRUE,,,,,,,,,55732068,Teatres,"Planol BCN >> Cultura i lleure >> Cinemes, teatres, auditoris >> Teatres",651,6.5103E+13,430178.9353,4583672.413,41.40156207,2.164713996,,,
﻿98197085714,Sala Tallers,97314144540,Teatre Nacional de Catalunya,1998-07-16T00:00:00+02:00,2023-02-27T17:44:18.742682+01:00,,,701191,Pl Arts,1,,5,el Fort Pienc,2,Eixample,8013,BARCELONA,TRUE,,200853,20001,Telèfons,Tel.,933065700,TRUE,,55732068,Teatres,"Planol BCN >> Cultura i lleure >> Cinemes, teatres, auditoris >> Teatres",651,6.5103E+13,431965.11,4583450.627,41.39971764,2.186105257,,,
﻿99400398267,Sala Montseny,92168166146,Centre Educatiu Sant Josep,2015-10-01T00:00:00+02:00,2022-09-17T08:27:48.870304+02:00,,,220109,C Montseny,31,,31,la Vila de Gràcia,6,Gràcia,8012,BARCELONA,TRUE,,227309,20001,Telèfons,Tel.,932372019,TRUE,,55732068,Teatres,"Planol BCN >> Cultura i lleure >> Cinemes, teatres, auditoris >> Teatres",651,6.5103E+13,429398.3449,4583769.191,41.40236555,2.155365288,,,
﻿99400466662,Baixos 22,75990343578,Tantarantana Teatre,2016-09-30T00:00:00+02:00,2022-09-17T08:46:16.472060+02:00,,,127409,C Flors,22,,1,el Raval,1,Ciutat Vella,8001,BARCELONA,TRUE,,229116,20001,Telèfons,Tel.,934417022,TRUE,,55732068,Teatres,"Planol BCN >> Cultura i lleure >> Cinemes, teatres, auditoris >> Teatres",651,6.5103E+13,430374.398,4580829.03,41.37596959,2.167378942,,,
﻿96143183229,Sala Maria Aurèlia Capmany,92086015078,Mercat de les Flors Centre de les Arts de Moviment,1996-05-22T00:00:00+02:00,2023-02-16T12:19:16.068403+01:00,,,178400,Lleida,59,,11,el Poble-sec,3,Sants-Montjuïc,8004,BARCELONA,TRUE,,192389,20001,Telèfons,Tel.,934261875,TRUE,,55732070,Auditoris,"Planol BCN >> Cultura i lleure >> Cinemes, teatres, auditoris >> Auditoris",651,6.5103E+13,429523.3534,4580234.222,41.37053826,2.157271884,,,
﻿96143183229,Sala Maria Aurèlia Capmany,92086015078,Mercat de les Flors Centre de les Arts de Moviment,1996-05-22T00:00:00+02:00,2023-02-16T12:19:16.068403+01:00,,,178400,Lleida,59,,11,el Poble-sec,3,Sants-Montjuïc,8004,BARCELONA,TRUE,,192389,20001,Telèfons,Tel.,934261875,TRUE,,55732068,Teatres,"Planol BCN >> Cultura i lleure >> Cinemes, teatres, auditoris >> Teatres",651,6.5103E+13,429523.3534,4580234.222,41.37053826,2.157271884,,,
﻿92086006074,Teatre,92168165009,Escola Pia de Sarrià-Calassanç,1990-06-08T00:00:00+02:00,2023-01-20T14:00:37.247372+01:00,,,162400,C Immaculada,25,,25,Sant Gervasi - la Bonanova,5,Sarrià-Sant Gervasi,8017,BARCELONA,TRUE,,162315,20001,Telèfons,Tel.,932120908,TRUE,,55732068,Teatres,"Planol BCN >> Cultura i lleure >> Cinemes, teatres, auditoris >> Teatres",651,6.5103E+13,426815.7768,4584283.502,41.40676678,2.12441025,,,
﻿99400164971,Sala de teatre,92086007784,Centre Cultural La Casa Elizalde,2006-07-14T10:29:00+02:00,2022-09-17T06:37:25.664270+02:00,,,350308,València,302,,7,la Dreta de l'Eixample,2,Eixample,8009,BARCELONA,TRUE,,216113,20001,Telèfons,Tel.,934880590,TRUE,,55732068,Teatres,"Planol BCN >> Cultura i lleure >> Cinemes, teatres, auditoris >> Teatres",651,6.5103E+13,430270.6146,4582889.537,41.39451893,2.165900825,,,
﻿75990094613,Teatre Borràs,,,1996-09-18T00:00:00+02:00,2023-10-03T10:04:06.910521+02:00,,,232902,Pl Urquinaona,9,,4,"Sant Pere, Santa Caterina i la Ribera",1,Ciutat Vella,8010,BARCELONA,TRUE,,141428,20001,Telèfons,Tel.,902332211,TRUE,,55732068,Teatres,"Planol BCN >> Cultura i lleure >> Cinemes, teatres, auditoris >> Teatres",651,6.5103E+13,430909.7105,4582258.224,41.38888805,2.173616905,,,
﻿92086010369,Teatre,92086010361,Centre Cultural  Els Catalanistes,1986-04-22T00:00:00+02:00,2022-09-17T04:12:52.531586+02:00,,,274709,C Ramon Batlle,2,,60,Sant Andreu,9,Sant Andreu,8030,BARCELONA,TRUE,,163781,20003,Telèfons,Centraleta,933465703,TRUE,,55732068,Teatres,"Planol BCN >> Cultura i lleure >> Cinemes, teatres, auditoris >> Teatres",651,6.5103E+13,432296.4661,4587003.848,41.43174835,2.189671182,,,
﻿92086015534,Auditòrium,92086010028,Escola Tècnica Superior d'Enginyeria Industrial de Barcelona - UPC,1986-05-05T00:00:00+02:00,2022-09-17T04:25:35.407976+02:00,,,144601,Av Diagonal,647,,20,la Maternitat i Sant Ramon,4,Les Corts,8028,BARCELONA,TRUE,,164337,20001,Telèfons,Tel.,934016615,TRUE,,55732070,Auditoris,"Planol BCN >> Cultura i lleure >> Cinemes, teatres, auditoris >> Auditoris",651,6.5103E+13,426025.3031,4581863.652,41.38489995,2.115249565,,,
﻿99400065683,Sala de Conferències,92086000174,Museu Etnològic i de Cultures del Món *Parc Montjuïc,2003-11-11T17:55:00+01:00,2022-09-17T06:05:39.933701+02:00,,,316809,Pg Santa Madrona,16,,11,el Poble-sec,3,Sants-Montjuïc,8038,BARCELONA,TRUE,,207474,20001,Telèfons,Tel.,934246807,TRUE,,55732070,Auditoris,"Planol BCN >> Cultura i lleure >> Cinemes, teatres, auditoris >> Auditoris",651,6.5103E+13,429415.5355,4580074.878,41.36909366,2.156001329,,,
﻿92086009073,Gran Teatre del Liceu,,,1988-04-26T00:00:00+02:00,2023-02-15T13:57:02.041844+01:00,,,34308,C la Rambla,51,,1,el Raval,1,Ciutat Vella,8002,BARCELONA,TRUE,,162170,20001,Telèfons,Tel.,934859900,TRUE,,55732070,Auditoris,"Planol BCN >> Cultura i lleure >> Cinemes, teatres, auditoris >> Auditoris",651,6.5103E+13,430877.865,4581287.997,41.38014677,2.173346729,,,
﻿92086009073,Gran Teatre del Liceu,,,1988-04-26T00:00:00+02:00,2023-02-15T13:57:02.041844+01:00,,,34308,C la Rambla,51,,1,el Raval,1,Ciutat Vella,8002,BARCELONA,TRUE,,162170,20001,Telèfons,Tel.,934859900,TRUE,,55732068,Teatres,"Planol BCN >> Cultura i lleure >> Cinemes, teatres, auditoris >> Teatres",651,6.5103E+13,430877.865,4581287.997,41.38014677,2.173346729,,,
﻿92086009073,Gran Teatre del Liceu,,,1988-04-26T00:00:00+02:00,2023-02-15T13:57:02.041844+01:00,,,34308,C la Rambla,51,,1,el Raval,1,Ciutat Vella,8002,BARCELONA,TRUE,,162170,20001,Telèfons,Tel.,934859900,TRUE,,66731068,WiFi BCN,Planol BCN >> Internet >> Punts d'accés a Internet >> WiFi BCN,651,6.5103E+13,430877.865,4581287.997,41.38014677,2.173346729,,,
﻿92086010653,Teatre,92086010651,Centro Galego de Barcelona,1986-04-22T00:00:00+02:00,2023-08-10T13:37:37.305755+02:00,,,34308,C la Rambla,35,,1,el Raval,1,Ciutat Vella,8002,BARCELONA,TRUE,,163518,20001,Telèfons,Tel.,933012892,TRUE,,55732068,Teatres,"Planol BCN >> Cultura i lleure >> Cinemes, teatres, auditoris >> Teatres",651,6.5103E+13,430985.291,4581159.521,41.37899885,2.174645973,,,
﻿92086010684,Teatre,92086010682,Centre parroquial Nostra Sra. del Carme,1988-11-04T00:00:00+01:00,2022-09-17T04:14:10.052420+02:00,,,296600,C Sant Antoni Abat,12,,1,el Raval,1,Ciutat Vella,8001,BARCELONA,TRUE,,163525,20001,Telèfons,Tel.,934433464,TRUE,,55732068,Teatres,"Planol BCN >> Cultura i lleure >> Cinemes, teatres, auditoris >> Teatres",651,6.5103E+13,430198.6066,4581212.12,41.37940474,2.165232828,,,
﻿75990416212,Lluïsos de Gràcia,,,1996-12-03T00:00:00+01:00,2024-05-14T10:14:54.628381+02:00,,,229001,Plaça del Nord,7,,31,la Vila de Gràcia,6,Gràcia,8024,Barcelona,TRUE,,153064,20001,Telèfons,Tel.,932183372,TRUE,,55732068,Teatres,"Planol BCN >> Cultura i lleure >> Cinemes, teatres, auditoris >> Teatres",651,6.5103E+13,429420.5205,4584315.004,41.40728343,2.15556691,,,
﻿99400724220,Teatre Metamorfosis,,,2023-11-27T14:21:14.641656+01:00,2023-12-04T16:52:12.449686+01:00,,,330504,Carrer de Tapioles,12,12,11,el Poble-sec,3,Sants-Montjuïc,8004,Barcelona,TRUE,,,,,,,,,55732068,Teatres,"Planol BCN >> Cultura i lleure >> Cinemes, teatres, auditoris >> Teatres",651,6.5103E+13,430136.311,4580606.649,41.37394604,2.164557688,,,
﻿92086006075,Sala de Cinema,92168165009,Escola Pia de Sarrià-Calassanç,1990-06-08T00:00:00+02:00,2022-09-17T04:01:07.146455+02:00,,,162400,C Immaculada,25,,25,Sant Gervasi - la Bonanova,5,Sarrià-Sant Gervasi,8017,BARCELONA,TRUE,,162316,20001,Telèfons,Tel.,932120908,TRUE,,55732069,Cinemes,"Planol BCN >> Cultura i lleure >> Cinemes, teatres, auditoris >> Cinemes",651,6.5103E+13,426840.5376,4584300.299,41.40692032,2.124704429,,,
﻿92086000451,Teatre,92086000446,Escola Oficial d'Idiomes Barcelona - Drassanes,1986-04-28T00:00:00+02:00,2022-09-17T03:44:46.355677+02:00,,,21306,C Arc del Teatre,24,,1,el Raval,1,Ciutat Vella,8001,BARCELONA,TRUE,,159741,20003,Telèfons,Centraleta,933249330,TRUE,,55732068,Teatres,"Planol BCN >> Cultura i lleure >> Cinemes, teatres, auditoris >> Teatres",651,6.5103E+13,430889.9719,4580952.144,41.37712289,2.173529803,,,
﻿99400722923,Espai Aribau Immersive,,,2023-11-07T09:14:09.714332+01:00,2023-11-28T11:32:49.745818+01:00,,,23403,Carrer d'Aribau,5,5,8,l'Antiga Esquerra de l'Eixample,2,Eixample,8011,Barcelona,FALSE,,566289,20001,Telèfons,Tel.,934545108,TRUE,,55732068,Teatres,"Planol BCN >> Cultura i lleure >> Cinemes, teatres, auditoris >> Teatres",651,6.5103E+13,429966.314,4581941.917,41.3859576,2.162370736,,,
﻿271101523,Auditori,94042144909,Centre de Cultura Contemporània de Barcelona,2000-09-27T00:00:00+02:00,2022-09-17T02:19:13.816539+02:00,,,216906,Montalegre,5,,1,el Raval,1,Ciutat Vella,8001,BARCELONA,TRUE,,130838,20001,Telèfons,Tel.,933064100,TRUE,,55732070,Auditoris,"Planol BCN >> Cultura i lleure >> Cinemes, teatres, auditoris >> Auditoris",651,6.5103E+13,430335.5442,4581711.515,41.3839145,2.16681291,,,
﻿75990119885,Jove Teatre Regina,,,1996-09-18T00:00:00+02:00,2023-10-03T10:42:17.017887+02:00,,,322801,C Sèneca,22,,31,la Vila de Gràcia,6,Gràcia,8006,BARCELONA,TRUE,,144087,20001,Telèfons,Tel.,932181512,TRUE,,55732068,Teatres,"Planol BCN >> Cultura i lleure >> Cinemes, teatres, auditoris >> Teatres",651,6.5103E+13,429459.4484,4583159.184,41.3968768,2.156167291,,,
