Year,Scope,Ownership,Type,Edition,Festival_name,Date_start,Date_end,Attendees_in_Barcelona,Attendees outside_of_Barcelona,Space,Organizer,Notes_data,neighbour_group
2015,Música,Ajuntament de Barcelona,Festivals,13,(In)fusión Flamenca. Cicle de Flamenc al Besòs,11/6/2015,27/11/2015,1176,,Centre Cívic Besos,Centre Cívic Besòs,,Ciutat Vella
2015,Arts escèniques,Ajuntament de Barcelona,Festivals,11,Festival Dansat,4/9/2015,12/4/2015,778,,SAT,saT! Sant Andreu Teatre,,Ciutat Vella
2015,Arts escèniques,Titularitat privada,Festivals,6,Festival de Titelles de Barcelona,3/21/2015,22/3/2015,3444,,Poble Espanyol,PEMSA SAU,,Ciutat Vella
2015,Música,Titularitat privada,Festivals,50,Festival Internacional de Cant Coral a Barcelona,7/6/2015,12/7/2015,2500,,Diversos espais de la ciutat,Federació Catalana d'Entitats Corals,,Ciutat Vella
2015,Lletres,Titularitat privada,Fires,21,Manga Barcelona,10/29/2015,1/11/2015,137000,,Fira de Barcelona. Montjuïc,Ficòmic,,Ciutat Vella
2015,Audiovisuals,Titularitat privada,Festivals,20,Mostra FIRE!! de cinema LGTBI de Barcelona,7/7/2015,12/7/2015,6812,,Diversos espais de la ciutat,Casal Lambda,,Ciutat Vella
2015,Arts escèniques,Titularitat privada,Festivals,4,"Noves Escenes, Noves Mirades",2/4/2015,4/3/2015,484,,La Pedrera,Fundació Catalunya - La Pedrera,,Ciutat Vella
2015,Música,Titularitat privada,Festivals,2,Soundit,6/27/2015,27/6/2015,2000,,Jardins del Palau Reial de Pedralbes,Music Kitchen SL,,Ciutat Vella
2015,Música,Titularitat privada,Festivals,,Tibidabo Live Festival,9/4/2015,5/9/2015,,,Parc d'atraccions del Tibidabo,Lasttour i Ginmusica,,Ciutat Vella
2015,Música,Titularitat privada,Festivals,4,(Parèntesi) by AMFest,11/5/2015,7/11/2015,950,,La (2) i Sidecar,Assoc. AMF,,Eixample
2015,Lletres,Titularitat privada,Fires,6,Arts Libris Barcelona,4/23/2015,26/4/2015,12000,,Arts Santa Mònica  ,Raíña Lupa Produccions,,Eixample
2015,Audiovisuals,Titularitat privada,Festivals,1,B-Anime Film Festival,10/9/2015,11/10/2015,5000,,Plaça dels Àngels i Plaça Coromines,Mago Experience,,Eixample
2015,Música,Titularitat privada,Festivals,3,Bachcelona,7/23/2015,28/7/2015,8000,,Diversos espais de la ciutat,Fundació BZM,,Eixample
2015,Música,Titularitat privada,Festivals,2,BalkaBarna Festival,5/23/2015,24/5/2015,1000,,Ateneu Popular de 9Barris ,"Asociación BalkaBarna, Dinamita Balkana y Balkan Party",,Eixample
2015,Música,Ajuntament de Barcelona,Festivals,23,BAM. Barcelona Acció Musical,9/18/2015,24/9/2015,76750,,Diversos espais de la ciutat,Institut de Cultura. Ajuntament de Barcelona,,Eixample
2015,Arts escèniques,Titularitat privada,Festivals,5,Barcelona Burlesque Festival,6/3/2015,13/6/2015,1800,,El Molino,"Ociopuro, SL",,Eixample
2015,Arts visuals,Titularitat privada,Festivals,10,Barcelona Design Week City Festival,6/8/2015,14/6/2015,11848,,Diversos espais de la ciutat,Barcelona Centre del Disseny,,Eixample
2015,Arts visuals,Ajuntament de Barcelona,Festivals,6,Barcelona Dibuixa,10/25/2015,25/10/2015,13000,,Diversos espais de la ciutat,Institut de Cultura. Ajuntament de Barcelona,,Eixample
2015,Música,Titularitat privada,Festivals,11,Barcelona Festival of Song,6/25/2015,4/7/2015,1300,,Diversos espais de la ciutat,Patricia Caicedo,,Eixample
2015,Lletres,Ajuntament de Barcelona,Festivals,3,Barcelona Novel·la Històrica,11/3/2015,7/11/2015,1153,,Diversos espais de la ciutat,Institut de Cultura. Ajuntament de Barcelona,,Eixample
2015,Lletres,Ajuntament de Barcelona,Festivals,18,Barcelona Poesia,5/12/2015,18/5/2015,4436,,Diversos espais de la ciutat,Institut de Cultura. Ajuntament de Barcelona,,Eixample
2015,Multidisciplinaris i altres,Titularitat privada,Festivals,3,Barcelona Surf Festival ,6/30/2015,3/7/2015,1500,,Museu Marítim,AGÈNCIA DIVE,,Eixample
2015,Música,Titularitat privada,Festivals,5,"Barcelona, Gardel, Buenos Aires",7/22/2015,29/7/2015,,,Diversos espais de la ciutat,ZOOM IN SA - Rafael Veljanovich,,Eixample
2015,Música,Titularitat privada,Festivals,20,BarnaSants,1/24/2015,14/4/2015,7886,,Diversos espais de la ciutat,Assoc. Promotora de la Fundació Autoria,,Eixample
2015,Arts escèniques,Titularitat privada,Festivals,,BarriBrossa,5/19/2015,24/5/2015,,,La Seca Espai Brossa,La Seca Espai Brossa,,Eixample
2015,Audiovisuals,Ajuntament de Barcelona,Festivals,6,BCN Sports Film,5/5/2015,9/5/2015,3200,,Diversos espais de la ciutat,Fundació Barcelona Olímpica,,Eixample
2015,Música,Titularitat privada,Festivals,13,Festival de Blues de Barcelona,7/2/2015,12/7/2015,3000,,Diversos espais de la ciutat,Assoc. Capibola Blues,,Eixample
2015,Lletres,Titularitat privada,Festivals,8,Festival del Llibre d'Artista i la Petita Edició,4/15/2015,7/5/2015,,,Diversos espais de la ciutat,ILDE,,Eixample
2015,Audiovisuals,Titularitat privada,Festivals,5,Festival Internacional de cine Nunes,12/9/2015,19/12/2015,,,Cinemes Girona,A.I.P.D.A.,,Eixample
2015,Multidisciplinaris i altres,Titularitat privada,Festivals,4,Festival Mixtur,4/23/2015,26/4/2015,660,,Fabra i Coats i Fundació Tàpies,Assoc. Col·lectiu Mixtur,,Eixample
2015,Multidisciplinaris i altres,Titularitat privada,Festivals,2,Festival Vèrtex BCN,12/12/2015,14/12/2015,,,Diversos espais de la ciutat,Qadar Produccions Culturals,,Eixample
2015,Audiovisuals,Titularitat privada,Festivals,10,Flux. Festival de Vídeo d'Autor,2/23/2015,31/12/2015,3000,,Arts Santa Mònica i Antic Teatre,Habitual Video Team,,Eixample
2015,Audiovisuals,Mixta,Festivals,27,Marató de Cinema Fantàstic i de Terror de Sants,11/9/2015,14/11/2015,2268,,Centre Cívic Cotxeres de Sants,"Aj. de BCN i Secretariat d'Entitats de Sants, Hostafrancs i la Bordeta",,Eixample
2015,Multidisciplinaris i altres,Titularitat privada,Festivals,7,nunOff. Festival de Creació Emergent de Barcelona,7/20/2015,25/7/2015,2000,,Claustre de l'Oratori de Sant Felip Neri,nunArt,,Eixample
2015,Música,Titularitat privada,Festivals,22,Sónar. Festival Internacional de Música Avançada i Art Multimèdia,6/16/2015,18/6/2015,118473,,Fira de Montjuïc i Fira Gran Via de l'Hospitalet,Advanced Music,,Eixample
2015,Música,Titularitat privada,Festivals,14,Zeppelin,10/16/2015,17/10/2015,,,CCCB I ESMUC,Orquestra del Caos,,Eixample
2015,Música,Altres administracions públiques,Festivals,2,#Ornitofest,2/13/2015,15/2/2015,600,,Apolo (Sala 2),MissAlabama,,Gràcia
2015,Lletres,Ajuntament de Barcelona,Festivals,10,BCNegra. Trobada de Novel·la Negra de Barcelona,1/29/2015,7/2/2015,9984,,Diversos espais de la ciutat,Institut de Cultura. Ajuntament de Barcelona,,Gràcia
2015,Multidisciplinaris i altres,Titularitat privada,Festivals,9,Besmina. Festival d'Art Jove al Carrer,6/2/2015,11/6/2015,500,,Diversos espais de la ciutat,Centre Cívic Besòs,,Gràcia
2015,Audiovisuals,Consorci o fundació amb presència administracions públiques,Festivals,1,Bibliocurts,11/18/2015,4/12/2015,450,,Biblioteca Sant Gervasi - Joan Maragall,Biblioteques de Barcelona,,Gràcia
2015,Música,Titularitat privada,Festivals,3,Bona Nit Barcelona,7/18/2015,18/7/2015,15000,,Plaça de les Glories,Fundació Bona Nit Barcelona,,Gràcia
2015,Multidisciplinaris i altres,Titularitat privada,Festivals,2,Brunch Electronik,3/15/2015,7/6/2015,35000,,Poble Espanyol,Piknic Electronik Barcelona,,Gràcia
2015,Multidisciplinaris i altres,Titularitat privada,Festivals,3,Brunch Electronik,10/11/2015,31/10/2015,10000,,Poble Espanyol,Piknic Electronik Barcelona,,Gràcia
2015,Audiovisuals,Titularitat privada,Festivals,3,Choreoscope Barcelona Dance Film Festival,10/22/2015,24/10/2015,585,,Cinema Maldà,Assoc. Choreoscope,,Gràcia
2015,Audiovisuals,Titularitat privada,Festivals,4,Cinema Lliure a la Platja. Mostra de cinema independent,7/9/2015,16/8/2015,20000,,Platja de Sant Sebastià,Mago Audiovisual Production,,Gràcia
2015,Audiovisuals,Titularitat privada,Festivals,2,CineMigrante,10/27/2015,1/11/2015,2000,,Diversos espais de la ciutat,Colectiu Cine Migrante i Fundació Guné,,Gràcia
2015,Arts escèniques,Ajuntament de Barcelona,Festivals,16,Circorts,10/2/2015,11/10/2015,,,Plaça Concordia,Ajuntament de Barcelona,,Gràcia
2015,Música,Titularitat privada,Festivals,22,Ciutat Flamenco,5/21/2015,24/5/2015,2800,,Mercat de les Flors,Taller de Músics,,Gràcia
2015,Lletres,Titularitat privada,Fires,33,Còmic Barcelona,4/16/2015,19/4/2015,113000,,Fira de Barcelona,Ficòmic,,Gràcia
2015,Música,Titularitat privada,Festivals,4,Connexions,10/2/2015,19/11/2015,3000,,Diversos espais de la ciutat,Taller de Músics,,Gràcia
2015,Audiovisuals,Titularitat privada,Festivals,5,D'A Film Festival Barcelona,4/24/2015,3/5/2015,10617,,Diversos espais de la ciutat,Noucinemart,,Gràcia
2015,Arts escèniques,Titularitat privada,Festivals,7,Dansa Ara,10/22/2015,19/11/2015,523,,La Pedrera,Fundació Catalunya - La Pedrera,,Gràcia
2015,Audiovisuals,Titularitat privada,Festivals,6,Festival de Cinema en Creative Commons de Barcelona. BccN,5/6/2015,10/5/2015,1900,,Diversos espais de la ciutat,Assoc. Panorama 180,,Gràcia
2015,Música,Titularitat privada,Festivals,16,Festival del Mil·lenni,1/1/2015,25/4/2015,32700,,Diversos espais de la ciutat,Concert Studio,,Gràcia
2015,Audiovisuals,Titularitat privada,Festivals,15,Festival Internacional de Cinema Gai i Lèsbic de Barcelona,10/23/2015,31/10/2015,3112,,Filmoteca de Catalunya i Casa Amèrica de Catalunya,Assoc. Cultural FICGLB,,Gràcia
2015,Música,Titularitat privada,Festivals,26,Festival MPB. Festival de Música Popular de Barcelona,10/19/2015,20/11/2015,8500,,Diversos espais de la ciutat,Zingaria Produccions SL,,Gràcia
2015,Arts visuals,Titularitat privada,Fires,,Fira d'Art Modern i Antic de Barcelona,3/4/2015,8/3/2015,,,Reial Drassanes de Barcelona,.,,Gràcia
2015,Audiovisuals,Consorci o fundació amb presència administracions públiques,Festivals,13,Gandules,8/4/2015,21/8/2015,5293,,CCCB,CCCB,,Gràcia
2015,Música,Titularitat privada,Festivals,13,Mas i Mas Festival,7/29/2015,1/9/2015,34800,,Diversos espais de la ciutat,"Pelaimas, SL",,Gràcia
2015,Multidisciplinaris i altres,Titularitat privada,Festivals,15,OFFF,5/28/2015,30/5/2015,3500,,Museu del Disseny,99 Produccions S.L.,,Gràcia
2015,Audiovisuals,Titularitat privada,Festivals,10,Zinemaldia,2/5/2015,27/2/2015,1500,,Cinemes Girona i Centre Cultural Euskal Etxea,Centre Cultural Euskal Etxea Barcelona,,Gràcia
2015,Multidisciplinaris i altres,Ajuntament de Barcelona,Festivals,39,Grec Festival de Barcelona,7/1/2015,31/7/2015,88556,,Diferents espais,Institut de Cultura. Ajuntament de Barcelona,,Gràcia
2015,Música,Titularitat privada,Festivals,26,Guitar Bcn,2/13/2015,25/7/2015,28008,,Diversos espais de la ciutat,The Project Music Company,,Gràcia
2015,Música,Titularitat privada,Festivals,,Hard Rock Rising Barcelona,7/24/2015,25/7/2015,,,Platja del Fòrum i Parc de la Pau,Live Nation,,Gràcia
2015,Multidisciplinaris i altres,Titularitat privada,Festivals,12,Hipnotik Festival,10/1/2015,3/10/2015,3000,,,Hipnotik Factory,,Gràcia
2015,Música,Titularitat privada,Festivals,2,Jazzing Festival,9/18/2015,26/9/2015,10000,,Diversos espais de la ciutat,Assoc. Sant Andreu Jazz Band i Dte. de Sant Andreu,,Gràcia
2015,Arts escèniques,Titularitat privada,Festivals,8,12 hores de màgia al Brossa,10/11/2015,11/10/2015,347,,La Seca Espai Brossa,La Seca Espai Brossa,,Horta-Guinardó
2015,Audiovisuals,Titularitat privada,Festivals,12,Festival de Cinema i Drets Humans de Barcelona,11/26/2015,10/12/2015,,,Cinemes Girona i Nau Bostik,Drets en acció,,Horta-Guinardó
2015,Música,Titularitat privada,Festivals,17,Festival del Mil·lenni,11/18/2015,31/12/2015,10197,,Diversos espais de la ciutat,Concert Studio,,Horta-Guinardó
2015,Multidisciplinaris i altres,Titularitat privada,Festivals,5,Festival Internacional de Música i Dansa Tradicional al Poble-sec,7/16/2015,21/7/2015,4000,,Diversos espais de la ciutat,GID Renaixença,,Horta-Guinardó
2015,Lletres,Titularitat privada,Festivals,11,"Literaldia. L'Euskal Herria d'avui, en la literatura",4/9/2015,9/5/2015,1000,,Diversos espais de la ciutat,Centre Cultural Euskal Etxea Barcelona,,Horta-Guinardó
2015,Audiovisuals,Titularitat privada,Festivals,6,Mecal Air,6/5/2015,16/10/2015,10400,,Poble Espanyol i Fàbrica Moritz,Assoc.  Mecal,,Horta-Guinardó
2015,Multidisciplinaris i altres,Titularitat privada,Festivals,5,MIRA,10/30/2015,7/11/2015,4700,,Diversos espais de la ciutat,NEW MEDIA ARTS S.L,,Horta-Guinardó
2015,Audiovisuals,Titularitat privada,Festivals,23,Mostra Internacional de Films de Dones de Barcelona,4/23/2015,11/12/2015,6089,,Diversos espais de la ciutat,Drac Màgic. Cooperativa de Promoció de Mitjans Audiovisuals,,Horta-Guinardó
2015,Arts visuals,Titularitat privada,Festivals,5,OjodePez Photo Meeting Barcelona,7/15/2015,17/7/2015,,,La Virreina Centre de la Imatge,La Fàbrica i La Virreina Centre de la Imatge,,Horta-Guinardó
2015,Audiovisuals,Titularitat privada,Festivals,22,SUNCINE. Festival internacional de cine del medio ambiente,11/5/2015,12/11/2015,7000,,Diversos espais de la ciutat,Assoc. Accions 3E,,Horta-Guinardó
2015,Música,Titularitat privada,Festivals,4,Zingaria Festival,7/20/2015,25/8/2015,4000,,Diversos espais de la ciutat,Zingaria Produccions SL,,Horta-Guinardó
2015,Arts visuals,Titularitat privada,Festivals,6,48H Open House BCN,10/24/2015,25/10/2015,52433,,Diversos espais de la ciutat,Assoc. 48H Open House BCN,,Les Corts
2015,Audiovisuals,Titularitat privada,Festivals,17,Festival de Cinema Jueu de Barcelona,6/16/2015,21/6/2015,3000,,Institut Francès i Plaça Sant Felip Neri,Assoc. Festival de Cinema Jueu a Barcelona,,Les Corts
2015,Arts escèniques,Titularitat privada,Festivals,11,Festival elPetit,11/7/2015,22/11/2015,1750,,Mercat de les Flors,Imaginart,,Les Corts
2015,Arts escèniques,Titularitat privada,Festivals,11,Festival Internacional de Putxinel·lis d'Hivern,12/4/2015,31/12/2015,980,,La Puntual,Teatre La Puntual SL,,Les Corts
2015,Música,Titularitat privada,Festivals,1,LiveSoundtracks,4/24/2015,25/4/2015,1000,,Convent dels Angels,LiveSoundTracks,,Les Corts
2015,Audiovisuals,Altres administracions públiques,Festivals,1,Mecal Rooftop,5/4/2015,3/9/2015,150,,Hotel Silken Diagonal Barcelona,Assoc.  Mecal,,Les Corts
2015,Audiovisuals,Titularitat privada,Festivals,5,MIRADOCS. Barcelona Mirades Documentals,1/14/2015,23/1/2015,,,Casa Elizalde,Cineclub Barcelona Espai de Cinema,,Les Corts
2015,Arts escèniques,Titularitat privada,Festivals,10,Mostra Laboratori d'Arts Escèniques Tísner,10/1/2015,4/10/2015,478,,Diversos espais de la ciutat,Centre Cívic Cotxeres Borrell,,Les Corts
2015,Audiovisuals,Titularitat privada,Festivals,17,OVNI,3/7/2015,7/3/2015,500,,CCCB,OVNI. Observatori de Vídeo No Identificat,,Les Corts
2015,Multidisciplinaris i altres,Titularitat privada,Festivals,1,Surfcity Festival,3/14/2015,15/3/2015,3000,,MACBA,Surfcitizens,,Les Corts
2015,Música,Mixta,Festivals,4,9B in Black. Festival de Música Negra de Nou Barris,2/20/2015,28/2/2015,300,,Ateneu Popular de 9Barris i Casal de la Prosperitat,"Casal de Barri Prosperitat, Casal de Joves Prosperitat i Ateneu Popular 9Barris",,Nou Barris
2015,Multidisciplinaris i altres,Titularitat privada,Festivals,13,Festival de Cultura Raval(s),11/12/2015,15/11/2015,4878,,Diversos espais de la ciutat,Fundació Tot Raval,,Nou Barris
2015,Música,Ajuntament de Barcelona,Festivals,15,Festival Flamenco Nou Barris,7/3/2015,4/7/2015,,,Pati de la Seu del Districte Nou Barris,Assoc. Promotora per a la Fundació Catalunya Arte Flamenco,,Nou Barris
2015,Música,Titularitat privada,Festivals,3,Festival Jardins de Pedralbes,6/8/2015,10/7/2015,28000,,Jardins del Palau Reial de Pedralbes,Concert Studio,,Nou Barris
2015,Multidisciplinaris i altres,Ajuntament de Barcelona,Festivals,4,Llum BCN,2/6/2015,8/2/2015,,,Diversos espais de la ciutat,Institut de Cultura. Ajuntament de Barcelona,,Nou Barris
2015,Audiovisuals,Titularitat privada,Festivals,17,Mecal. Festival Internacional de Curtmetratges de Barcelona,3/11/2015,19/4/2015,14700,,Diversos espais de la ciutat,Assoc.  Mecal,,Nou Barris
2015,Lletres,Ajuntament de Barcelona,Festivals,11,Món Llibre,4/18/2015,19/4/2015,25000,,Diversos espais de la ciutat,Institut de Cultura. Ajuntament de Barcelona,,Nou Barris
2015,Lletres,Titularitat privada,Festivals,6,Munt de Mots. Festival de Narració Oral de Barcelona,10/19/2015,24/10/2015,2000,,Diversos espais de la ciutat,Assoc.  Munt de Paraules,,Nou Barris
2015,Arts visuals,Titularitat privada,Fires,8,Swab Barcelona,10/1/2015,4/10/2015,18000,,Fira de Barcelona,Espacio de Arte Contemporáneo Diezy7,,Nou Barris
2015,Música,Titularitat privada,Festivals,3,Aloud Music Festival,3/11/2015,14/3/2015,800,,La (2) i Sidecar,Assoc. AMF,,Sant Andreu
2015,Audiovisuals,Titularitat privada,Festivals,1,Arqu [in] FILM,6/12/2015,18/6/2015,800,,Filmoteca de Catalunya,ARQ-INFAD,,Sant Andreu
2015,Música,Ajuntament de Barcelona,Festivals,4,Ermessenda Pop Festival,6/6/2015,6/6/2015,200,,Centre Cívic Urgell,Centre Cívic d'Urgell,,Sant Andreu
2015,Lletres,Titularitat privada,Festivals,1,Festival Alcools,2/10/2015,18/4/2015,430,,La Seca Espai Brossa,Sala Becket i Obrador Internacional de Dramatúrgia i la Institució de les Lletres Catalanes,,Sant Andreu
2015,Música,Titularitat privada,Festivals,1,Festival Cara - B,2/7/2015,7/2/2015,850,,Fabra i Coats,Assoc. Isla Elefante Projectes Culturals,,Sant Andreu
2015,Multidisciplinaris i altres,Ajuntament de Barcelona,Festivals,10,Festival d'estiu LLIMONADES,6/26/2015,17/7/2015,1100,,Diversos espais de la ciutat,Centre Cívic Pati Llimona,,Sant Andreu
2015,Multidisciplinaris i altres,Titularitat privada,Festivals,4,Festival de Murals de La Escocesa,9/25/2015,26/9/2015,850,,La Escocesa,PROVISIONAL,,Sant Andreu
2015,Audiovisuals,Titularitat privada,Festivals,3,Festival Inclús,12/2/2015,6/12/2015,1185,,Diversos espais de la ciutat,Assoc. Inclús,,Sant Andreu
2015,Multidisciplinaris i altres,Titularitat privada,Festivals,5,"IDN. Imatge, Dansa i Nous Mitjans",2/26/2015,1/3/2015,1821,,Mercat de les Flors,Assoc. NU2'S i Mercat de les Flors,,Sant Andreu
2015,Multidisciplinaris i altres,Titularitat privada,Festivals,2,INFLUX Festival. Vídeo a Escena,11/21/2015,29/11/2015,300,,Antic Teatre,Habitual Video Team,,Sant Andreu
2015,Lletres,Consorci o fundació amb presència administracions públiques,Festivals,8,Kosmòpolis,3/18/2015,22/3/2015,8900,,CCCB,CCCB,,Sant Andreu
2015,Multidisciplinaris i altres,Consorci o fundació amb presència administracions públiques,Festivals,4,Primera Persona,5/8/2015,9/5/2015,1170,,CCCB,CCCB,,Sant Andreu
2015,Audiovisuals,Titularitat privada,Festivals,1,Rueda. Festival Internacional de Cinema Ciclista,10/1/2015,3/10/2015,525,,zumzeig Cinema,Rueda Film Festival,,Sant Andreu
2015,Multidisciplinaris i altres,Ajuntament de Barcelona,Festivals,4,DAU Barcelona,12/12/2015,13/12/2015,21600,,Diversos espais de la ciutat,Institut de Cultura. Ajuntament de Barcelona,,Sant Martí
2015,Música,Titularitat privada,Festivals,47,Festival de Jazz de Barcelona,9/26/2015,22/12/2015,35822,,Diversos espais de la ciutat,The Project Music Company,,Sant Martí
2015,Música,Titularitat privada,Festivals,28,Festival Folk Internacional Tradicionàrius,1/9/2015,27/3/2015,10000,,Centre Artesà Tradicionàrius  ,Assoc. Cultural TRAM,,Sant Martí
2015,Música,Titularitat privada,Festivals,25,Festival l'Hora del Jazz. Memorial Tete Montoliu,9/6/2015,30/9/2015,6295,,Diversos espais de la ciutat,Assoc. de Músics de Jazz i Música Moderna de Catalunya,,Sant Martí
2015,Arts visuals,Titularitat privada,Fires,13,Loop Fair,6/4/2015,6/6/2015,6000,,Hotel Catalonia,Screen Projects S.L.,,Sant Martí
2015,Audiovisuals,Titularitat privada,Festivals,1,Moritz Feed Dog,5/14/2015,17/5/2015,3400,,Aribau Club,Inedit Producciones,,Sant Martí
2015,Música,Titularitat privada,Festivals,7,MUTEK Barcelona,3/2/2015,5/3/2015,,,Diversos espais de la ciutat,Assoc. MUTEK.es,,Sant Martí
2015,Audiovisuals,Titularitat privada,Festivals,1,TaSHORTfest,11/6/2015,7/11/2015,350,,Centre Cívic La Teixonera,"Tashortfest - Ozzypiuntur Producciones, C.C. Teixonera, Taller de Cultura, Zö3 Grup Artístic",,Sant Martí
2015,Audiovisuals,Titularitat privada,Festivals,2,Americana Film Fest,2/19/2015,22/2/2015,5050,,Diversos espais de la ciutat,Assoc. Cultural per la Difusió del Cinema Nord-Americà,,Sant Martí
2015,Multidisciplinaris i altres,Titularitat privada,Festivals,21,DeProp,3/6/2015,26/3/2015,720,,La Pedrera,Fundació Catalunya - La Pedrera,,Sant Martí
2015,Música,Titularitat privada,Festivals,11,Divendres Corals del Barcelonès,2/1/2015,31/3/2015,500,,Capella de l'Esperança,Federació Catalana d'Entitats Corals,,Sant Martí
2015,Arts visuals,Titularitat privada,Festivals,12,Drap-Art. Festival Internacional de Reciclatge Artístic de Catalunya,12/18/2015,31/12/2015,10000,,CCCB,Drap-Art,,Sant Martí
2015,Multidisciplinaris i altres,Titularitat privada,Festivals,1,El Dia Minimúsica,10/31/2015,1/11/2015,1200,,CCCB,Minimúsica i Primavera Sound,,Sant Martí
2015,Arts visuals,Ajuntament de Barcelona,Festivals,6,Enfocats,3/6/2015,4/4/2015,1785,,Diversos espais de la ciutat,Centre Cívic Pati Llimona,,Sant Martí
2015,Arts visuals,Titularitat privada,Festivals,2,European Creativity Festival,10/15/2015,17/10/2015,250,,Edifici Disseny Hub Barcelona,Arts Directors Club of Europe (ADCE),,Sant Martí
2015,Música,Titularitat privada,Festivals,10,Festigàbal,6/15/2015,16/6/2015,,,La Sedeta,Assoc. Cultural Heliogàbal,,Sant Martí
2015,Audiovisuals,Ajuntament de Barcelona,Festivals,12,Festival Barcelona VisualSound,4/14/2015,24/4/2015,,,Diversos espais de la ciutat,Ajuntament de Barcelona,,Sant Martí
2015,Música,Titularitat privada,Festivals,8,Festival Cruïlla,7/10/2015,12/7/2015,46000,,Parc del Fòrum,Barcelona Events Musicals SL,,Sant Martí
2015,Multidisciplinaris i altres,Ajuntament de Barcelona,Festivals,,Festival de la Ciència,4/14/2015,30/4/2015,35468,,Disseny Hub Barcelona,Institut de Cultura. Ajuntament de Barcelona,,Sant Martí
2015,Audiovisuals,Titularitat privada,Festivals,13,Festival In-Edit,10/29/2015,8/11/2015,31500,,Aribau Club i Aribau Multicines Sala 5,Inedit Producciones,,Sant Martí
2015,Música,Titularitat privada,Festivals,20,Festival LEM,10/16/2015,31/10/2015,1646,,Diversos espais de la ciutat,Gràcia Territori Sonor,,Sant Martí
2015,Arts escèniques,Titularitat privada,Festivals,3,Festival Rei de la Màgia,4/16/2015,19/4/2015,990,,Teatre Museu. Rei de la Màgia,El rei de la màgia,,Sant Martí
2015,Lletres,Titularitat privada,Fires,64,Fira del Llibre d'Ocasió Antic i Modern,9/18/2015,4/10/2015,,,Passeig de Gràcia,Gremi de Llibreters de Vell de Catalunya,,Sant Martí
2015,Lletres,Titularitat privada,Festivals,3,GRAF. Còmic d'autor i edició independent,5/22/2015,23/5/2015,1400,,Fabra i Coats,GRAF,,Sant Martí
2015,Arts visuals,Titularitat privada,Festivals,13,Loop Festival,5/28/2015,4/6/2015,135000,,Diversos espais de la ciutat,Screen Projects S.L.,,Sant Martí
2015,Música,Titularitat privada,Festivals,20,Minifestival de Música i Cultura Independent de Barcelona,1/14/2015,27/2/2015,850,,Diversos espais de la ciutat,Assoc.  Minifestival de Música Independent,,Sant Martí
2015,Audiovisuals,Titularitat privada,Festivals,4,Mostra de Cinema Italià de Barcelona. MCIB,12/11/2015,17/12/2015,,,Cinemes Verdi,Istituto Luce Cinecittà,,Sant Martí
2015,Arts escèniques,Titularitat privada,Festivals,2,"NanoTeatre, teatre lowcost a la Vila de Gràcia",4/11/2015,2/5/2015,1241,,Lluïsos de Gràcia,Lluïsos de Gràcia,,Sant Martí
2015,Arts escèniques,Ajuntament de Barcelona,Festivals,6,Mercè Arts de Carrer. MAC,9/18/2015,24/9/2015,484805,,,Institut de Cultura. Ajuntament de Barcelona,,Sants-Montjuïc
2015,Música,Titularitat privada,Festivals,1,DGTL Festival,8/14/2015,15/8/2015,20000,,Parc del Fòrum,Grup Centris,,Sarrià-Sant Gervasi
2015,Arts visuals,Titularitat privada,Festivals,3,DOCfield. Festival de Fotografia Documental,5/19/2015,23/7/2015,,,Diversos espais de la ciutat,Photographic Social Vision,,Sants-Montjuïc
2015,Música,Titularitat privada,Festivals,18,EH SONA! Festival de Música Basca a Barcelona,10/30/2015,28/11/2015,,,Diversos espais de la ciutat,Centre Cultural Euskal Etxea Barcelona,,Sants-Montjuïc
2015,Audiovisuals,Titularitat privada,Festivals,8,El Meu Primer Festival,11/14/2015,29/11/2015,,,Diversos espais de la ciutat,Assoc. Isla Elefante Projectes Culturals,,Sants-Montjuïc
2015,Multidisciplinaris i altres,Titularitat privada,Festivals,5,FADfest. The festival of all design,6/29/2015,5/7/2015,8000,,Edifici Disseny Hub Barcelona,FAD,,Sarrià-Sant Gervasi
2015,Arts escèniques,Consorci o fundació amb presència administracions públiques,Festivals,4,Festival Sâlmon d'Arts Vives de Barcelona,11/26/2015,5/12/2015,3603,,Diversos espais de la ciutat,Mercat de les Flors i Graner,,Sarrià-Sant Gervasi
2015,Lletres,Titularitat privada,Festivals,5,Flic. Festival de literatures i arts infantil i juvenil,1/1/2015,28/2/2015,,,Diversos espais de la ciutat,Assoc. Tantàgora Serveis Culturals,,Sants-Montjuïc
2015,Audiovisuals,Titularitat privada,Festivals,7,ImagineIndia Film Festival Barcelona,9/5/2015,31/10/2015,,,Cinemes Girona,Asian Films,,Sants-Montjuïc
2015,Audiovisuals,Titularitat privada,Festivals,22,L'Alternativa. Festival de Cinema Independent de Barcelona,11/16/2015,22/11/2015,13500,,Diversos espais de la ciutat,La Fàbrica de Cinema Alternatiu de Barcelona,,Sarrià-Sant Gervasi
2015,Multidisciplinaris i altres,Titularitat privada,Festivals,1,L'Art impossible,2/14/2015,14/2/2015,,,Mercat de les Flors,.,,Sants-Montjuïc
2015,Música,Titularitat privada,Festivals,11,La Pedrera Jazz,6/19/2015,12/9/2015,6771,,La Pedrera,Fundació Catalunya - La Pedrera,,Sant Andreu
2015,Música,Titularitat privada,Festivals,2,Lapsus Festival,4/11/2015,11/4/2015,700,,CCCB,"Lapsus Arts, SL",,Sarrià-Sant Gervasi
2015,Música,Titularitat privada,Festivals,3,LIED Festival Victoria de los Ángeles,11/20/2015,29/11/2015,1200,,Recinte Modernista de Sant Pau i ESMUC,Fund. Victoria de los Ángeles,,Sants-Montjuïc
2015,Arts escèniques,Titularitat privada,Festivals,6,Màgicus. Festival de Màgia Jove de Barcelona,10/16/2015,25/10/2015,750,,Diversos espais de la ciutat,Lluïsos de Gràcia,,Sants-Montjuïc
2015,Audiovisuals,Titularitat privada,Festivals,14,Mostra de Curtmetratges Dr. Mabuse,6/7/2015,20/6/2015,,,,La Jarra Azul,,Sants-Montjuïc
2015,Audiovisuals,Titularitat privada,Festivals,2,NonStop Barcelona Animació,5/20/2015,24/5/2015,2500,,Diversos espais de la ciutat,Assoc. Art NonStop,,Sants-Montjuïc
2015,Arts visuals,Titularitat privada,Festivals,1,Photogenic Festival,10/22/2015,24/10/2015,600,,Diversos espais de la ciutat,Assoc. Sobreàtic,,Sants-Montjuïc
2015,Arts escèniques,Titularitat privada,Festivals,2,PIIGS. Festival de Dramatúrgia sobre la Crisi,7/23/2015,25/7/2015,250,,Nau Ivanow,Assoc. Catalana Perpetuum Mobile,,Sants-Montjuïc
2015,Multidisciplinaris i altres,Titularitat privada,Festivals,4,Piknic Electronik,6/28/2015,20/9/2015,65000,,Jardins Joan Brossa,Piknic Electronik Barcelona,,Sant Andreu
2015,Música,Titularitat privada,Festivals,9,Primavera Club,10/23/2015,25/10/2015,,,Diversos espais de la ciutat,Primavera Sound,,Sants-Montjuïc
2015,Música,Titularitat privada,Festivals,15,Primavera Sound,5/27/2015,30/5/2015,195000,,Diversos espais de la ciutat,Primavera Sound,,Sarrià-Sant Gervasi
2015,Música,Titularitat privada,Festivals,2,Reggaeton Beach Festival (RBF),4/18/2015,18/4/2015,,,Platja del Fòrum i Parc de la Pau,Live Nation,,Sants-Montjuïc
2015,Lletres,Titularitat privada,Fires,33,Setmana del Llibre en Català,9/4/2015,13/9/2015,,,Avinguda de la Catedral,Assoc.  d'Editors en llengua catalana,,Sants-Montjuïc
2015,Música,Titularitat privada,Festivals,5,SIMFONIC,6/13/2015,13/6/2015,11500,,Diversos espais de la ciutat,Assoc. SIMFONIC,,Sant Andreu
2015,Audiovisuals,Titularitat privada,Festivals,13,Sala Montjuïc,7/3/2015,7/8/2015,34250,,Castell de Montjuïc,Assoc. Cultural Modiband,,Sarrià-Sant Gervasi
2015,Música,Mixta,Festivals,8,Say it Loud,10/22/2015,30/10/2015,1980,,La Farinera del Clot,Coop. Quesoni,,Sarrià-Sant Gervasi
2015,Audiovisuals,Titularitat privada,Festivals,2,Serielizados Fest,4/16/2015,18/4/2015,1500,,Arts Santa Mònica  ,Kottbusser SL,,Sarrià-Sant Gervasi
2015,Música,Ajuntament de Barcelona,Festivals,21,Simbiruta. Festival Jove de la Guineueta,6/12/2015,13/6/2015,1000,,,Casal de Joves de la Guineueta,,Sarrià-Sant Gervasi
2015,Multidisciplinaris i altres,Titularitat privada,Festivals,3,Terrats en cultura,5/15/2015,3/10/2015,1350,,Diversos espais de la ciutat,Coincidències,,Sarrià-Sant Gervasi
2015,Arts visuals,Titularitat privada,Festivals,2,Art Photo BCN,10/1/2015,4/10/2015,800,,Hotel Chick&Basic ramblas,Isabel Lazaro,,Sants-Montjuïc
2015,Audiovisuals,Titularitat privada,Festivals,12,Diàspora. Mostra de Cinema Colombià,10/13/2015,25/10/2015,4318,,Diversos espais de la ciutat,Imago Gestiona,,Sarrià-Sant Gervasi
2015,Audiovisuals,Titularitat privada,Festivals,18,DocsBarcelona,5/25/2015,31/5/2015,6357,,"Aribau Club, Aribau Multicines, CCCB i La Pedrera",Paral·lel 40,,Sarrià-Sant Gervasi
2015,Multidisciplinaris i altres,Titularitat privada,Festivals,3,El Dia Minimúsica,4/12/2015,12/4/2015,2500,,Fabra i Coats,Minimúsica ,,Sarrià-Sant Gervasi
2015,Música,Consorci o fundació amb presència administracions públiques,Festivals,7,Emergència!,2/14/2015,14/2/2015,804,,CCCB,CCCB,,Sants-Montjuïc
2015,Arts escèniques,Titularitat privada,Festivals,14,Escena Poblenou,10/22/2015,25/10/2015,4000,,Diversos espais de la ciutat,Assoc. Festival de Creació Contemporània Poblenou,,Sarrià-Sant Gervasi
2015,Arts visuals,Titularitat privada,Festivals,21,Fem Art,10/16/2015,12/11/2015,650,,Ca la Dona,Col·lectiu FemArt,,Sants-Montjuïc
2015,Audiovisuals,Titularitat privada,Festivals,6,Festival Antic Horror Picture Show,10/31/2015,31/10/2015,130,,Antic Teatre,Antic Teatre i Guillem Puig,,Sants-Montjuïc
2015,Música,Titularitat privada,Festivals,12,Festival Coral Cantate Barcelona,10/16/2015,19/10/2015,,,Poble Espanyol,Music Contact International i Viatges Blanda,,Sarrià-Sant Gervasi
2015,Música,Ajuntament de Barcelona,Festivals,20,Festival de Música als Parcs,6/10/2015,4/9/2015,15425,,Diversos espais de la ciutat,Ajuntament de Barcelona,,Sarrià-Sant Gervasi
2015,Música,Titularitat privada,Festivals,3,Festival Internacional de Boleros,5/23/2015,28/6/2015,2500,,Diversos espais de la ciutat,Comunicamanagers & Mas i Mas,,Sarrià-Sant Gervasi
2015,Música,Titularitat privada,Festivals,3,Festival Talent,6/25/2015,30/9/2015,1450,,Diversos espais de la ciutat,Taller de Músics,,Sarrià-Sant Gervasi
2015,Lletres,Titularitat privada,Festivals,6,Flic. Festival de literatures i arts infantil i juvenil,12/1/2015,31/12/2015,,,Diversos espais de la ciutat,Assoc. Tantàgora Serveis Culturals,,Sarrià-Sant Gervasi
2015,Música,Titularitat privada,Festivals,32,Maig Coral del Barcelonès,5/1/2015,31/5/2015,700,,Recinte Modernista de Sant Pau i Esglèsia de Sant Gaietà,Federació Catalana d'Entitats Corals,,Sants-Montjuïc
2015,Arts escèniques,Titularitat privada,Festivals,20,Mostra de Teatre de Barcelona,10/5/2015,3/11/2015,1049,,Teatre del Raval,Artípolis,,Sarrià-Sant Gervasi
2015,Arts escèniques,Titularitat privada,Festivals,15,Novembre Vaca,11/5/2015,27/11/2015,,,Diversos espais de la ciutat,Projecte Vaca,,Sarrià-Sant Gervasi
2015,Multidisciplinaris i altres,Titularitat privada,Festivals,11,The Influencers,10/22/2015,24/10/2015,1935,,CCCB,Assoc. Cultural d-i-n-a,,Sarrià-Sant Gervasi
2015,Audiovisuals,Titularitat privada,Festivals,11,Sólo para Cortos,3/17/2015,22/3/2015,1500,,"Casal de Joves de Prosperitat, CC Can Basté i Ateneu Popular de 9Barris",Assoc. pel Foment del Curtmetratge Social i Casal de Joves de Prosperitat,,Sarrià-Sant Gervasi
